Status_checking_account,Duration_month,Credit_history,Purpose,Credit_amount,Savings_account/bonds,Present_emp_lenght,Installment_rate%,Gender,Guarantors,Present_res_lenght,Property,Age,Other_installment_plans,Housing,Number_Credit,Job,No_dependent,foreign_worker,Target,Martial_status
1,6,0,3,1169,0,8,4,1,0,4,0,67,0,1,2,1,1,1,0,1
2,48,2,3,5951,1,4,2,0,0,2,0,22,0,1,1,1,1,1,1,3
0,12,0,6,2096,1,7,2,1,0,3,0,49,0,1,1,2,2,1,0,1
1,42,2,2,7882,1,7,2,1,2,4,1,45,0,0,1,1,2,1,0,1
1,24,1,0,4870,1,4,3,1,0,4,3,53,0,0,2,1,2,1,1,1
0,36,2,6,9055,0,4,2,1,0,4,3,35,0,0,1,2,2,1,0,1
0,24,2,2,2835,3,8,3,1,0,4,1,53,0,1,1,1,1,1,0,1
2,36,2,1,6948,1,4,2,1,0,2,2,35,0,2,1,0,1,1,0,1
0,12,2,3,3059,4,7,2,1,0,4,0,61,0,1,1,2,1,1,0,4
2,30,0,0,5234,1,0,4,1,0,2,2,28,0,1,2,0,1,1,1,2
2,12,2,0,1295,1,1,3,0,0,1,2,25,0,2,1,1,1,1,1,3
1,48,2,9,4308,1,1,3,0,0,4,1,24,0,2,1,1,1,1,1,3
2,12,2,3,1567,1,4,1,0,0,1,2,22,0,1,1,1,1,1,0,3
1,24,0,0,1199,1,8,4,1,0,4,2,60,0,1,2,2,1,1,1,1
1,15,2,0,1403,1,4,2,0,0,4,2,28,0,2,1,1,1,1,0,3
1,24,2,3,1282,2,4,4,0,0,2,2,32,0,1,1,2,1,1,1,3
0,24,0,3,2424,0,8,4,1,0,4,1,53,0,1,2,1,1,1,0,1
1,30,4,9,8072,0,1,2,1,0,3,2,25,2,1,3,1,1,1,0,1
2,24,2,1,12579,1,8,4,0,0,2,3,44,0,0,1,0,1,1,1,3
0,24,2,3,3430,3,8,3,1,0,2,2,31,0,1,1,1,2,1,0,1
0,9,0,0,2134,1,4,4,1,0,4,2,48,0,1,3,1,1,1,0,1
1,6,2,3,2647,3,4,2,1,0,3,0,44,0,2,1,1,2,1,0,1
1,10,0,0,2241,1,1,1,1,0,3,0,48,0,2,2,2,2,0,0,1
2,12,0,1,1804,2,1,3,1,0,4,1,44,0,1,1,1,1,1,0,1
0,10,0,2,2069,0,4,2,1,0,1,2,26,0,1,2,1,1,0,0,2
1,6,2,2,1374,1,4,1,1,0,2,0,36,2,1,1,2,1,1,0,1
0,6,4,3,426,1,8,4,1,0,4,2,39,0,1,1,2,1,1,0,2
3,12,3,3,409,4,4,3,0,0,3,0,42,0,2,2,1,1,1,0,3
2,7,2,3,2415,1,4,3,1,2,2,0,34,0,1,1,1,1,1,0,1
1,60,1,9,6836,1,8,3,1,0,4,3,63,0,1,2,1,1,1,1,1
2,18,2,9,1913,4,1,3,1,0,3,0,36,2,1,1,1,1,1,0,2
1,24,2,2,4020,1,4,2,1,0,2,2,27,1,1,1,1,1,1,0,1
2,18,2,0,5866,2,4,2,1,0,2,2,30,0,1,2,1,1,1,0,1
0,12,0,9,1264,0,8,4,1,0,4,3,57,0,2,1,2,1,1,0,1
3,12,2,2,1474,1,1,4,0,0,1,1,33,2,1,1,0,1,1,0,3
2,45,0,3,4746,1,1,4,1,0,2,1,25,0,1,2,2,1,1,1,1
0,48,0,6,6110,1,4,1,1,0,3,3,31,2,0,1,1,1,1,0,1
3,18,2,3,2100,1,4,4,1,1,2,0,37,1,1,1,1,1,1,1,1
3,10,2,4,1225,1,4,2,1,0,2,2,37,0,1,1,1,1,1,0,1
2,9,2,3,458,1,4,4,1,0,3,0,24,0,1,1,1,1,1,0,1
0,30,2,3,2333,3,8,4,1,0,2,2,30,2,1,1,0,1,1,0,1
2,12,2,3,1158,3,4,3,1,0,1,2,26,0,1,1,1,1,1,0,4
2,18,1,5,6204,1,4,2,1,0,4,0,44,0,1,1,2,2,1,0,1
1,30,0,1,6187,2,7,1,1,0,4,2,24,0,2,2,1,1,1,0,2
1,48,0,1,6143,1,8,4,0,0,4,3,58,1,0,2,2,1,1,1,3
0,11,0,0,1393,1,1,4,0,0,4,2,35,0,1,2,0,1,1,0,3
0,36,2,3,2299,3,8,4,1,0,4,2,39,0,1,1,1,1,1,0,1
1,6,2,1,1352,3,0,1,0,0,2,1,23,0,2,1,3,1,1,0,3
0,11,0,0,7228,1,4,1,1,0,4,1,39,0,1,2,2,1,1,0,1
0,12,2,3,2073,2,4,4,0,1,2,0,28,0,1,1,1,1,1,0,3
2,24,1,2,2333,0,1,4,1,0,2,1,29,2,1,1,2,1,1,0,1
2,27,1,1,5965,1,8,1,1,0,2,2,30,0,1,2,0,1,1,0,1
0,12,2,3,1262,1,4,3,1,0,2,2,25,0,1,1,1,1,1,0,1
0,18,2,1,3378,0,4,2,1,0,1,1,31,0,1,1,1,1,1,0,1
2,36,1,0,2225,1,8,4,1,0,4,3,57,2,0,2,1,1,1,1,1
0,6,3,0,783,0,4,1,1,2,2,0,26,1,1,1,2,2,1,0,1
2,12,2,3,6468,0,0,2,1,0,1,3,52,0,1,1,0,1,1,1,1
0,36,0,3,9566,1,4,2,0,0,2,2,31,1,1,2,1,1,1,0,3
3,18,2,0,1961,1,8,3,0,0,2,2,23,0,1,1,0,1,1,0,3
1,36,0,2,6229,1,1,4,0,1,4,3,23,0,2,2,2,1,1,1,3
2,9,2,9,1391,1,4,2,1,0,1,0,27,2,1,1,1,1,1,0,2
2,15,0,3,1537,0,8,4,1,2,4,0,50,0,1,2,1,1,1,0,1
2,36,4,9,1953,1,8,4,1,0,4,3,61,0,0,1,0,1,1,1,1
2,48,4,9,14421,1,4,2,1,0,2,2,25,0,1,1,1,1,1,1,1
0,24,2,3,3181,1,1,4,0,0,4,1,26,0,1,1,1,1,1,0,3
0,27,2,5,5190,0,8,4,1,0,4,1,48,0,1,4,1,2,1,0,1
0,12,2,3,2171,1,1,2,0,0,2,2,29,2,1,1,1,1,1,0,3
2,12,2,0,1007,4,4,4,1,0,1,0,22,0,1,1,1,1,1,0,2
0,36,2,6,1819,1,4,4,1,0,4,3,37,1,0,1,1,1,1,1,1
0,36,2,3,2394,0,4,4,0,0,4,2,25,0,1,1,1,1,1,0,3
0,36,2,1,8133,1,4,1,0,0,2,1,30,2,1,1,1,1,1,0,3
0,7,0,3,730,0,8,4,1,0,2,1,46,0,2,2,2,1,1,0,1
1,8,0,10,1164,1,8,3,1,0,4,3,51,2,0,2,0,2,1,0,1
2,42,0,9,5954,1,7,2,0,0,1,0,41,2,1,2,2,1,1,0,3
1,36,2,6,1977,0,8,4,1,0,4,3,40,0,1,1,0,1,1,1,1
1,12,0,1,1526,1,8,4,1,0,4,3,66,0,0,2,0,1,1,0,1
1,42,2,3,3965,1,1,4,1,0,3,2,34,0,1,1,1,1,1,1,1
2,11,1,3,4771,1,7,2,1,0,4,1,51,0,1,1,1,1,1,0,1
0,54,4,1,9436,0,4,2,1,0,2,1,39,0,1,1,2,2,1,0,1
2,30,2,2,3832,1,1,2,1,0,1,1,22,0,1,1,1,1,1,0,2
0,24,2,3,5943,0,1,1,0,0,1,2,44,0,1,2,1,1,1,1,3
0,15,2,3,1213,3,8,4,1,0,3,1,47,1,1,1,1,1,1,0,1
0,18,2,9,1568,2,4,3,0,0,4,1,24,0,2,1,2,1,1,0,3
1,24,2,10,1755,1,8,4,0,2,4,0,58,0,1,1,2,1,1,0,3
1,10,2,3,2315,1,8,3,1,0,4,0,52,0,1,1,2,1,1,0,1
0,12,0,9,1412,1,4,4,0,2,2,0,29,0,1,2,0,1,1,0,3
2,18,0,2,1295,1,1,4,0,0,1,1,27,0,1,2,1,1,1,0,3
2,36,2,6,12612,2,4,1,1,0,4,3,47,0,0,1,1,2,1,1,1
1,18,2,0,2249,2,7,4,1,0,3,2,30,0,1,1,0,2,1,0,1
1,12,4,5,1108,1,7,4,1,0,3,0,28,0,1,2,1,1,1,1,1
0,12,0,3,618,1,8,4,1,0,4,0,56,0,1,1,1,1,1,0,1
1,12,0,1,1409,1,8,4,1,0,3,0,54,0,1,1,1,1,1,0,1
0,12,0,3,797,0,8,4,0,0,3,1,33,2,1,1,2,2,1,1,3
3,24,0,2,3617,0,8,4,1,1,4,3,20,0,2,2,1,1,1,0,1
2,12,2,0,1318,4,8,4,1,0,4,0,54,0,1,1,1,1,1,0,1
2,54,4,9,15945,1,1,3,1,0,4,3,58,0,2,1,1,1,1,1,1
0,12,0,6,2012,0,7,4,0,0,2,2,61,0,1,1,1,1,1,0,3
2,18,2,9,2622,2,4,4,1,0,4,2,34,0,1,1,1,1,1,0,1
2,36,0,3,2337,1,8,4,1,0,4,0,36,0,1,1,1,1,1,0,1
2,20,1,1,7057,0,7,3,1,0,4,1,36,2,2,2,0,2,1,0,1
0,24,2,0,1469,2,8,4,1,0,4,0,41,0,2,1,2,1,1,0,2
2,36,2,3,2323,1,7,4,1,0,4,2,24,0,2,1,1,1,1,0,1
0,6,1,3,932,1,4,3,0,0,2,0,24,0,1,1,1,1,1,0,3
2,9,0,2,1919,1,7,4,1,0,3,2,35,0,2,1,1,1,1,0,1
0,12,2,1,2445,0,1,2,1,0,4,2,26,0,2,1,1,1,1,0,2
2,24,0,10,11938,1,4,2,1,1,3,2,39,0,1,2,0,2,1,1,1
0,18,3,0,6458,1,8,2,1,0,4,3,39,2,1,2,0,2,1,1,1
2,12,2,0,6078,1,7,2,1,0,2,2,32,0,1,1,1,1,1,0,1
1,24,2,2,7721,0,1,1,0,0,2,1,30,0,1,1,1,1,0,0,3
2,14,2,9,1410,3,8,1,1,0,2,0,35,0,1,1,1,1,1,0,2
2,6,1,9,1449,2,8,1,1,0,2,2,31,2,1,2,1,2,1,0,4
3,15,2,6,392,1,1,4,0,0,4,1,23,0,2,1,1,1,1,0,3
2,18,2,0,6260,1,7,3,1,0,3,0,28,0,2,1,2,1,1,0,1
0,36,0,0,7855,1,4,4,0,0,2,0,25,1,1,2,1,1,1,1,3
1,12,2,3,1680,3,8,3,1,0,1,0,35,0,1,1,1,1,1,0,2
0,48,0,3,3578,0,8,4,1,0,1,0,47,0,1,1,1,1,1,0,1
1,42,2,3,7174,0,7,4,0,0,3,2,30,0,1,1,0,1,1,1,3
1,10,0,2,2132,0,1,2,0,1,3,0,27,0,2,2,1,1,0,0,3
1,33,0,2,4281,3,4,1,0,0,4,2,23,0,1,2,1,1,1,1,3
2,12,0,0,2366,3,7,3,1,0,3,2,36,0,1,1,0,1,1,0,4
1,21,2,3,1835,1,4,3,0,0,2,0,25,0,1,2,1,1,1,1,3
0,24,0,1,3868,1,8,4,0,0,2,2,41,0,2,2,0,1,1,0,3
0,12,2,2,1768,1,4,3,1,0,2,0,24,0,2,1,2,1,1,0,1
3,10,0,0,781,1,8,4,1,0,4,3,63,0,0,2,1,1,1,0,1
2,18,2,2,1924,0,1,4,0,0,3,0,27,0,2,1,1,1,1,1,3
1,12,0,0,2121,1,4,4,1,0,2,1,30,0,1,2,1,1,1,0,1
1,12,2,3,701,1,4,4,1,0,2,0,40,0,1,1,2,1,1,0,2
2,12,2,5,639,1,4,4,1,0,2,2,30,0,1,1,1,1,1,1,1
2,12,0,1,1860,1,0,4,1,0,2,2,34,0,1,2,0,1,1,0,1
1,12,0,0,3499,1,4,3,0,1,2,0,29,0,1,2,1,1,1,1,3
2,48,2,0,8487,0,7,1,0,0,2,2,24,0,1,1,1,1,1,0,3
1,36,1,6,6887,1,4,4,1,0,3,1,29,1,1,1,1,1,1,1,1
0,15,2,2,2708,1,1,2,1,0,3,1,27,2,1,2,2,1,1,0,1
0,18,2,2,1984,1,4,4,1,0,4,3,47,2,0,2,1,1,1,0,1
0,60,2,3,10144,2,7,2,0,0,4,0,21,0,1,1,1,1,1,0,3
0,12,0,3,1240,0,8,4,0,0,2,0,38,0,1,2,1,1,1,0,3
0,27,1,1,8613,4,4,2,1,0,2,2,27,0,1,2,1,1,1,0,1
2,12,2,3,766,3,4,4,1,0,3,0,66,0,1,1,2,1,1,1,1
2,15,0,3,2728,0,7,4,1,2,2,0,35,2,1,3,1,1,1,0,1
3,12,2,3,1881,1,4,2,0,0,2,2,44,0,2,1,2,1,1,0,3
3,6,2,0,709,4,1,2,1,0,2,0,27,0,1,1,3,1,0,0,2
2,36,2,3,4795,1,1,4,0,0,1,3,30,0,1,1,0,1,1,0,3
1,27,2,3,3416,1,4,3,1,0,2,2,27,0,1,1,0,1,1,0,1
1,18,2,2,2462,1,4,2,1,0,2,2,22,0,1,1,1,1,1,1,1
0,21,0,2,2288,1,1,4,0,0,4,1,23,0,1,1,1,1,1,0,3
2,48,3,9,3566,2,7,4,1,0,2,2,30,0,1,1,1,1,1,0,1
1,6,0,0,860,1,8,1,0,0,4,3,39,0,1,2,1,1,1,0,3
0,12,0,0,682,2,7,4,0,0,3,2,51,0,1,2,1,1,1,0,3
1,36,0,2,5371,1,4,3,1,2,2,1,28,0,1,2,1,1,1,0,1
0,18,0,3,1582,4,8,4,1,0,4,2,46,0,1,2,1,1,1,0,1
0,6,2,3,1346,2,8,2,1,0,4,3,42,2,0,1,1,2,1,0,1
0,10,2,3,1924,1,4,1,1,0,4,1,38,0,1,1,1,1,0,0,1
3,36,2,3,5848,1,4,4,1,0,1,2,24,0,1,1,1,1,1,0,1
2,24,0,1,7758,4,8,2,0,0,4,3,29,0,2,1,1,1,1,0,3
2,24,1,9,6967,2,7,4,1,0,4,2,36,0,2,1,0,1,1,0,1
1,12,2,2,1282,1,4,2,0,0,4,2,20,0,2,1,1,1,1,1,3
1,9,0,5,1288,2,8,3,1,2,4,0,48,0,1,2,1,2,0,0,1
1,12,3,8,339,1,8,4,1,0,1,2,45,2,1,1,2,1,1,0,2
2,24,2,0,3512,2,7,2,1,0,3,2,38,2,1,2,1,1,1,0,1
0,6,0,3,1898,0,4,1,1,0,2,0,34,0,1,2,2,2,1,0,1
0,24,0,3,2872,2,8,3,1,0,4,0,36,0,1,1,1,2,1,0,1
0,18,0,0,1055,1,1,4,0,0,1,1,30,0,1,2,1,1,1,0,3
0,15,2,4,1262,3,7,4,1,0,3,1,36,0,1,2,1,1,1,0,1
2,10,2,0,7308,1,0,2,1,0,4,3,70,2,0,1,0,1,1,0,1
0,36,2,0,909,3,8,4,1,0,4,1,36,0,1,1,1,1,1,0,1
0,6,2,2,2978,3,4,1,1,0,2,2,32,0,1,1,1,1,1,0,1
1,18,2,2,1131,1,0,4,0,0,2,2,33,0,1,1,1,1,1,1,3
2,11,2,2,1577,4,1,4,0,0,1,0,20,0,1,1,1,1,1,0,3
0,24,2,2,3972,1,7,2,0,0,4,1,25,0,2,1,1,1,1,0,3
2,24,0,9,1935,1,8,4,1,0,4,0,31,0,1,2,1,1,1,1,4
1,15,4,0,950,1,8,4,1,0,3,2,33,0,2,2,1,2,1,1,1
0,12,2,2,763,1,4,4,0,0,1,0,26,0,1,1,1,1,1,0,3
2,24,1,2,2064,1,0,3,0,0,2,1,34,0,1,1,0,1,1,1,3
2,8,2,3,1414,1,4,4,1,2,2,0,33,0,1,1,1,1,0,0,1
1,21,1,6,3414,1,1,2,1,0,1,1,26,0,1,2,1,1,1,1,1
0,30,3,1,7485,0,0,4,0,0,1,0,53,2,1,1,0,1,1,1,3
1,12,2,2,2577,1,4,2,1,0,1,2,42,0,1,1,1,1,1,0,4
1,6,0,3,338,3,8,4,1,0,4,2,52,0,1,2,1,1,1,0,1
0,12,2,3,1963,1,7,4,1,0,2,2,31,0,2,2,0,2,1,0,1
1,21,0,0,571,1,8,4,1,0,4,0,65,0,1,2,1,1,1,0,1
0,36,1,9,9572,1,1,1,1,0,1,2,28,0,1,2,1,1,1,1,4
2,36,1,9,4455,1,4,2,1,0,2,0,30,1,1,2,0,1,1,1,4
1,21,3,0,1647,0,4,4,1,0,2,1,40,0,1,2,2,2,1,1,1
0,24,0,2,3777,4,4,4,1,0,4,0,50,0,1,1,1,1,1,0,1
2,18,0,0,884,1,8,4,1,0,4,2,36,2,1,1,1,2,1,1,1
0,15,0,3,1360,1,4,4,1,0,2,1,31,0,1,2,1,1,1,0,1
2,9,3,1,5129,1,8,2,0,0,4,3,74,2,0,1,0,2,1,1,3
2,16,0,0,1175,1,0,2,1,0,3,2,68,0,0,3,3,1,1,0,1
1,12,2,3,674,2,7,4,1,0,1,1,20,0,1,1,1,1,1,1,2
2,18,4,2,3244,1,4,1,0,0,4,2,33,2,1,2,1,1,1,0,3
0,24,2,9,4591,4,4,2,1,0,3,1,54,0,1,3,0,1,1,1,1
2,48,4,9,3844,2,7,4,1,0,4,3,34,0,0,1,2,2,1,1,1
2,27,2,9,3915,1,4,4,1,0,2,2,36,0,1,1,1,2,1,1,1
0,6,2,3,2108,1,7,2,1,0,2,0,29,0,2,1,1,1,1,0,2
2,45,2,3,3031,2,4,4,1,2,4,1,21,0,2,1,1,1,1,1,1
2,9,0,6,1501,1,8,2,0,0,3,2,34,0,1,2,0,1,1,1,3
0,6,0,3,1382,1,4,1,0,0,1,2,28,0,1,2,1,1,1,0,3
2,12,2,2,951,2,1,4,0,0,4,2,27,2,2,4,1,1,1,1,3
2,24,2,1,2760,0,8,4,1,0,4,3,36,2,0,1,1,1,1,0,1
2,18,1,2,4297,1,8,4,1,0,3,3,40,0,1,1,0,1,1,1,4
0,9,0,6,936,3,8,4,1,0,2,2,52,0,1,2,1,1,1,0,1
1,12,2,0,1168,1,4,4,1,0,3,0,27,0,1,1,2,1,1,0,2
0,27,1,9,5117,1,7,3,1,0,4,2,26,0,1,2,1,1,1,0,1
1,12,2,8,902,1,7,4,1,0,4,1,21,0,2,1,1,1,1,1,2
0,12,0,0,1495,1,8,4,1,0,1,0,38,0,1,2,2,2,1,0,1
1,30,0,1,10623,1,8,3,1,0,4,3,38,0,0,3,0,2,1,0,1
0,12,0,2,1935,1,8,4,1,0,4,0,43,0,1,3,1,1,1,0,1
2,12,0,4,1424,1,7,4,1,0,3,1,26,0,1,1,1,1,1,0,1
1,24,2,9,6568,1,4,2,1,0,2,2,21,1,1,1,2,1,1,0,2
0,12,2,1,1413,4,7,3,1,0,2,1,55,0,1,1,1,1,0,0,1
0,9,0,3,3074,0,4,1,1,0,2,0,33,0,1,2,1,2,1,0,1
0,36,2,3,3835,0,8,2,0,0,4,0,45,0,1,1,2,1,1,0,3
1,27,4,9,5293,1,0,2,1,0,4,1,50,1,1,2,1,1,1,1,1
3,30,1,9,1908,1,8,4,1,0,4,0,66,0,1,1,0,1,1,1,1
0,36,0,3,3342,0,8,4,1,0,2,2,51,0,1,1,1,1,1,0,1
2,6,0,8,932,0,7,1,0,0,3,1,39,0,1,2,2,1,1,0,3
1,18,4,9,3104,1,7,3,1,0,1,1,31,2,1,1,1,1,1,0,1
3,36,2,3,3913,1,4,2,1,0,2,0,23,0,1,1,1,1,1,0,1
1,24,2,2,3021,1,4,2,1,0,2,0,24,0,2,1,2,1,1,0,4
0,10,2,0,1364,1,4,2,0,0,4,2,64,0,1,1,1,1,1,0,3
2,12,2,3,625,1,1,4,1,2,1,0,26,2,1,1,2,1,1,0,2
1,12,2,6,1200,0,4,4,0,0,4,1,23,2,2,1,1,1,1,0,3
0,12,2,3,707,1,4,4,1,0,2,0,30,2,1,2,1,1,1,0,1
0,24,1,9,2978,0,4,4,1,0,4,0,32,0,1,2,1,2,1,0,1
0,15,2,1,4657,1,4,3,1,0,2,2,30,0,1,1,1,1,1,0,1
0,36,4,5,2613,1,4,4,1,0,2,2,27,0,1,2,1,1,1,0,1
2,48,2,3,10961,4,7,1,1,1,2,3,27,2,1,2,1,1,1,1,1
1,12,2,2,7865,1,8,4,1,0,4,3,53,0,0,1,0,1,1,1,1
0,9,2,3,1478,1,7,4,1,0,2,2,22,0,1,1,1,1,1,1,1
1,24,2,2,3149,1,1,4,1,0,1,3,22,2,0,1,1,1,1,0,1
3,36,2,3,4210,1,4,4,1,0,2,2,26,0,1,1,1,1,1,1,1
0,9,2,0,2507,3,8,2,1,0,4,3,51,0,0,1,2,1,1,0,1
0,12,2,3,2141,2,7,3,1,0,1,3,35,0,1,1,1,1,1,0,1
2,18,2,3,866,1,4,4,1,2,2,0,25,0,1,1,2,1,1,0,2
0,4,0,3,1544,1,7,2,1,0,1,0,42,0,1,3,2,2,1,0,1
1,24,2,3,1823,1,0,4,1,0,2,2,30,1,1,1,0,2,1,1,1
2,6,2,0,14555,0,0,1,1,0,2,1,23,0,1,1,3,1,1,1,1
2,21,2,9,2767,2,8,4,1,0,2,2,61,2,2,2,2,1,1,1,4
0,12,0,3,1291,1,4,4,0,0,2,1,35,0,1,2,1,1,1,0,3
1,30,2,3,2522,1,8,1,1,2,3,1,39,0,1,1,1,2,1,0,1
1,24,2,0,915,0,8,4,0,0,2,2,29,2,1,1,1,1,1,1,3
0,6,2,3,1595,1,7,3,1,0,2,1,51,0,1,1,1,2,1,0,1
1,48,4,1,4605,1,8,3,1,0,4,3,24,0,0,2,1,2,1,1,1
0,12,0,9,1185,1,4,3,0,0,2,0,27,0,1,2,1,1,1,0,3
0,12,3,8,3447,3,4,4,0,0,3,0,35,0,1,1,2,2,1,0,3
0,24,2,9,1258,1,7,4,1,0,1,0,25,0,1,1,1,1,1,0,1
0,12,0,3,717,1,8,4,1,0,4,0,52,0,1,3,1,1,1,0,1
0,6,4,0,1204,2,4,4,1,0,1,3,35,2,2,1,1,1,0,0,1
3,24,2,2,1925,1,4,2,1,0,2,0,26,0,1,1,1,1,1,0,1
0,18,2,3,433,1,0,3,0,1,4,0,22,0,2,1,1,1,1,1,3
1,6,0,0,666,4,7,3,0,0,4,0,39,0,1,2,2,1,1,0,3
3,12,2,2,2251,1,4,1,0,0,2,2,46,0,1,1,2,1,1,0,3
2,30,2,0,2150,1,4,4,0,2,2,3,24,2,1,1,1,1,1,1,3
0,24,1,2,4151,2,4,2,1,0,3,1,35,0,1,2,1,1,1,0,1
2,9,2,2,2030,0,7,2,1,0,1,2,24,0,1,1,1,1,1,0,1
2,60,1,3,7418,0,4,1,1,0,1,0,27,0,1,1,2,1,1,0,1
0,24,0,3,2684,1,4,4,1,0,2,0,35,0,1,2,2,1,1,0,1
1,12,3,3,2149,1,4,4,1,0,1,3,29,0,0,1,1,1,1,1,4
0,15,2,1,3812,2,1,1,0,0,4,2,23,0,1,1,1,1,1,0,3
0,11,0,3,1154,2,0,4,0,0,4,0,57,0,1,3,2,1,1,0,3
1,12,2,2,1657,1,4,2,1,0,2,0,27,0,1,1,1,1,1,0,1
1,24,2,3,1603,1,8,4,0,0,4,2,55,0,1,1,1,1,1,0,3
1,18,0,0,5302,1,8,2,1,0,4,3,36,0,0,3,0,1,1,0,1
0,12,0,6,2748,1,8,2,0,0,4,3,57,2,0,3,2,1,1,0,3
0,10,0,0,1231,1,8,3,1,0,4,0,32,0,1,2,2,2,0,0,1
2,15,2,3,802,1,8,4,1,0,3,2,37,0,1,1,1,2,1,1,1
0,36,0,9,6304,0,8,4,1,0,4,0,36,0,1,2,1,1,1,0,1
0,24,2,3,1533,1,1,4,0,0,3,2,38,1,1,1,1,1,1,0,3
1,14,2,0,8978,1,8,1,1,0,4,1,45,0,1,1,0,1,0,1,4
0,24,2,3,999,0,8,4,1,0,2,2,25,0,1,2,1,1,1,0,1
0,18,2,0,2662,0,7,4,1,0,3,1,32,0,1,1,1,1,0,0,1
0,12,0,2,1402,3,7,3,0,0,4,2,37,0,2,1,1,1,1,0,3
2,48,3,0,12169,0,0,4,1,1,4,3,36,0,0,1,0,1,1,0,1
2,48,2,3,3060,1,7,4,1,0,4,0,28,0,1,2,1,1,1,1,1
1,30,2,5,11998,1,1,1,1,0,1,3,34,0,1,1,2,1,1,1,4
0,9,2,3,2697,1,4,1,1,0,2,0,32,0,1,1,1,2,1,0,1
0,18,0,3,2404,1,4,2,0,0,2,2,26,0,1,2,1,1,1,0,3
1,12,2,2,1262,0,8,2,1,0,4,1,49,0,1,1,2,1,1,0,4
0,6,2,2,4611,1,1,1,0,0,4,1,32,0,1,1,1,1,1,1,3
0,24,2,3,1901,2,4,4,1,0,4,2,29,0,2,1,0,1,1,0,1
0,15,0,1,3368,4,8,3,1,0,4,3,23,0,2,2,1,1,1,0,1
0,12,2,2,1574,1,4,4,1,0,2,0,50,0,1,1,1,1,1,0,1
3,18,3,3,1445,0,7,4,1,0,4,2,49,2,1,1,2,1,1,0,1
0,15,0,2,1520,0,8,4,1,0,4,1,63,0,1,1,1,1,1,0,1
2,24,0,0,3878,2,1,4,1,0,2,2,37,0,1,1,1,1,1,0,4
1,47,2,0,10722,1,1,1,0,0,1,0,35,0,1,1,2,1,1,0,3
1,48,2,1,4788,1,7,4,1,0,3,1,26,0,1,1,1,2,1,0,1
2,48,1,10,7582,2,0,2,1,0,4,3,31,0,0,1,0,1,1,0,1
2,12,2,3,1092,1,4,4,0,2,4,0,49,0,1,2,1,1,1,0,3
1,24,1,3,1024,1,1,4,1,0,4,0,48,1,1,1,1,1,1,1,2
0,12,2,9,1076,1,4,2,1,0,2,0,26,0,1,1,1,1,0,0,2
2,36,2,1,9398,1,1,1,1,0,4,2,28,0,2,1,0,1,1,1,2
1,24,0,1,6419,1,8,2,0,0,4,3,44,0,0,2,0,2,1,0,3
3,42,0,1,4796,1,8,4,1,0,4,3,56,0,0,1,1,1,1,0,1
0,48,0,9,7629,0,8,4,1,0,2,2,46,2,1,2,0,2,1,0,4
2,48,2,2,9960,1,1,1,0,0,2,2,26,0,1,1,1,1,1,1,3
0,12,2,1,4675,0,1,1,0,0,4,2,20,0,2,1,1,1,1,0,3
0,10,2,0,1287,0,8,4,1,1,2,1,45,0,1,1,2,1,0,0,1
0,18,2,2,2515,1,4,3,1,0,4,0,43,0,1,1,1,1,1,0,1
2,21,0,2,2745,4,7,3,1,0,2,2,32,0,1,2,1,1,1,0,1
0,6,2,0,672,1,0,1,0,0,4,0,54,0,1,1,3,1,1,0,3
2,36,4,3,3804,1,4,4,0,0,1,2,42,0,1,1,1,1,1,1,3
3,24,0,0,1344,0,7,4,1,0,2,0,37,2,1,2,2,2,1,1,1
1,10,0,0,1038,1,7,4,1,1,3,1,49,0,1,2,1,1,1,0,1
0,48,0,0,10127,3,4,2,1,0,2,3,44,2,0,1,1,1,1,1,1
0,6,2,2,1543,4,4,4,1,0,2,0,33,0,1,1,1,1,1,0,4
0,30,2,1,4811,0,7,2,0,0,4,1,24,1,2,1,2,1,1,0,3
1,12,2,3,727,2,1,4,1,0,3,3,33,0,1,1,2,1,1,1,2
2,8,2,2,1237,1,4,3,0,0,4,0,24,0,1,1,1,1,1,1,3
2,9,2,0,276,1,4,4,1,0,4,0,22,0,2,1,2,1,1,0,2
2,48,2,10,5381,0,0,3,1,0,4,3,40,2,0,1,3,1,1,0,1
0,24,2,2,5511,2,4,4,1,0,1,2,25,1,1,1,1,1,1,0,1
3,24,2,2,3749,1,1,2,0,0,4,2,26,0,1,1,1,1,1,0,3
2,12,2,0,685,1,7,2,1,0,3,2,25,2,1,1,2,1,1,1,2
3,4,2,0,1494,0,1,1,1,0,2,0,29,0,1,1,2,2,0,0,1
1,36,3,2,2746,1,8,4,1,0,4,2,31,2,1,1,1,1,1,1,1
1,12,2,2,708,1,4,2,1,2,3,1,38,0,1,1,2,2,1,0,1
2,24,2,2,4351,0,4,1,0,0,4,1,48,0,1,1,2,1,1,0,3
0,12,0,6,701,1,4,4,1,0,2,2,32,0,1,2,1,1,1,0,1
1,15,1,2,3643,1,8,1,0,0,4,1,27,0,1,2,2,1,1,0,3
2,30,0,0,4249,1,0,4,1,0,2,2,28,0,1,2,0,1,1,1,2
1,24,2,3,1938,1,1,4,1,0,3,1,32,0,1,1,1,1,1,1,4
1,24,2,1,2910,1,7,2,1,0,1,3,34,0,0,1,0,1,1,0,1
1,18,2,2,2659,4,4,4,1,0,2,2,28,0,1,1,1,1,1,0,1
0,18,0,0,1028,1,4,4,0,0,3,0,36,0,1,2,1,1,1,0,3
1,8,0,0,3398,1,7,1,1,0,4,0,39,0,1,2,2,1,0,0,1
0,12,0,2,5801,0,8,2,1,0,4,1,49,0,2,1,1,1,1,0,1
0,24,2,0,1525,4,7,4,0,0,3,2,34,0,1,1,1,2,1,0,3
3,36,2,3,4473,1,8,4,1,0,2,2,31,0,1,1,1,1,1,0,1
2,6,2,3,1068,1,8,4,1,0,4,2,28,0,1,1,1,2,1,0,1
1,24,0,1,6615,1,0,2,1,0,4,3,75,0,0,2,0,1,1,0,1
0,18,0,6,1864,2,4,4,0,0,2,0,30,0,1,2,1,1,1,1,3
2,60,2,0,7408,2,1,4,0,0,2,1,24,0,1,1,0,1,1,1,3
0,48,0,1,11590,2,4,2,0,0,4,2,24,2,2,2,2,1,1,1,3
1,24,4,2,4110,1,8,3,1,0,4,3,23,2,2,2,1,2,1,1,1
1,6,0,2,3384,1,4,1,1,0,4,0,44,0,2,1,0,1,1,1,4
2,13,2,3,2101,1,1,2,0,2,4,1,23,0,1,1,2,1,1,0,3
1,15,2,4,1275,0,4,4,0,0,2,2,24,0,2,1,1,1,1,1,3
1,24,2,2,4169,1,4,4,1,0,4,1,28,0,1,1,1,1,1,0,1
2,10,2,2,1521,1,4,4,1,0,2,2,31,0,1,1,2,1,1,0,4
2,24,0,6,5743,1,1,2,0,0,4,3,24,0,0,2,1,1,1,0,3
1,21,2,2,3599,1,7,1,0,0,4,2,26,0,2,1,2,1,1,0,3
2,18,2,3,3213,3,1,1,1,0,3,0,25,0,2,1,1,1,1,0,2
2,18,2,9,4439,1,8,1,1,1,1,0,33,2,1,1,0,1,1,0,1
3,10,2,0,3949,1,1,1,1,2,1,1,37,0,1,1,2,2,1,0,1
0,15,0,3,1459,1,4,4,0,0,2,2,43,0,1,1,2,1,1,0,3
2,13,0,3,882,1,1,4,1,2,4,0,23,0,1,2,1,1,1,0,1
2,24,2,3,3758,3,0,1,0,0,4,3,23,0,2,1,3,1,1,0,3
0,6,1,9,1743,2,4,1,1,0,2,0,34,0,1,2,2,1,1,0,1
2,9,0,6,1136,4,8,4,1,0,3,3,32,0,0,2,1,2,1,1,1
0,9,2,4,1236,1,1,1,0,0,4,0,23,0,2,1,1,1,1,0,3
2,9,2,2,959,1,4,1,0,0,2,2,29,0,1,1,1,1,0,1,3
0,18,0,1,3229,0,0,2,1,0,4,3,38,0,1,1,0,1,1,0,1
1,12,4,3,6199,1,4,4,1,0,2,1,28,0,2,2,1,1,1,1,1
0,10,2,6,727,3,8,4,1,0,4,3,46,0,0,1,1,1,1,0,1
2,24,2,0,1246,1,1,4,1,0,2,0,23,1,1,1,2,1,1,1,1
0,12,0,3,2331,0,8,1,1,1,4,0,49,0,1,1,1,1,1,0,1
0,36,1,3,4463,1,4,4,1,0,2,2,26,0,1,2,0,1,1,1,1
0,12,2,3,776,1,4,4,1,0,2,0,28,0,1,1,1,1,1,0,2
1,30,2,2,2406,1,7,4,0,0,4,0,23,0,2,1,1,1,1,1,3
2,18,2,6,1239,0,4,4,1,0,4,3,61,0,0,1,1,1,1,0,1
3,12,2,3,3399,0,8,2,1,0,3,2,37,0,1,1,0,1,1,0,1
3,12,1,0,2247,1,4,2,0,0,2,2,36,1,1,2,1,1,1,0,3
0,6,2,2,1766,1,4,1,1,0,2,1,21,0,2,1,1,1,1,0,2
1,18,2,2,2473,1,0,4,1,0,1,2,25,0,1,1,3,1,1,1,1
0,12,2,9,1542,1,7,2,1,0,4,2,36,0,1,1,1,1,1,0,1
0,18,0,1,3850,1,7,3,1,0,1,2,27,0,1,2,1,1,1,0,1
1,18,2,2,3650,1,1,1,0,0,4,2,22,0,2,1,1,1,1,0,3
1,36,2,2,3446,1,8,4,1,0,2,2,42,0,1,1,1,2,1,1,1
2,18,2,2,3001,1,7,2,0,0,4,0,40,0,2,1,1,1,1,0,3
0,36,2,0,3079,0,4,4,1,0,4,0,36,0,1,1,1,1,1,0,1
0,18,0,3,6070,1,8,3,1,0,4,2,33,0,1,2,1,1,1,0,1
0,10,0,2,2146,1,1,1,0,0,3,0,23,0,2,2,1,1,1,0,3
0,60,0,0,13756,0,8,2,1,0,4,3,63,2,0,1,0,1,1,0,1
2,60,3,10,14782,2,8,3,0,0,4,3,60,2,0,2,0,1,1,1,3
1,48,3,9,7685,1,7,2,0,2,4,2,37,0,2,1,1,1,1,1,3
0,18,1,3,2320,1,0,2,1,0,3,0,34,0,1,2,1,1,1,0,2
0,7,1,3,846,0,8,3,1,0,4,3,36,0,0,1,1,1,1,0,1
2,36,2,0,14318,1,8,4,1,0,2,3,57,0,0,1,0,1,1,1,1
0,6,0,0,362,2,4,4,0,0,4,2,52,0,1,2,2,1,1,0,3
1,20,2,2,2212,0,7,4,1,0,4,2,39,0,1,1,1,1,1,0,1
2,18,2,1,12976,1,0,3,0,0,4,3,38,0,0,1,0,1,1,1,3
0,22,2,0,1283,0,7,4,0,0,4,1,25,0,2,1,1,1,1,0,3
3,12,2,0,1330,1,1,4,1,0,1,0,26,0,1,1,1,1,1,0,1
0,30,1,9,4272,2,4,2,1,0,2,1,26,0,1,2,2,1,1,0,1
0,18,0,3,2238,1,4,2,0,0,1,2,25,0,1,2,1,1,1,0,3
0,18,2,3,1126,0,1,4,0,0,2,0,21,0,2,1,1,1,1,0,3
2,18,0,2,7374,1,0,4,1,0,4,1,40,1,1,2,0,1,1,0,1
2,15,0,9,2326,3,4,2,1,0,4,2,27,2,1,1,1,1,1,0,1
0,9,2,9,1449,1,7,3,0,0,2,2,27,0,1,2,1,1,1,0,3
0,18,2,0,1820,1,4,2,1,0,2,1,30,0,1,1,0,1,1,0,2
2,12,2,2,983,4,1,1,0,0,4,0,19,0,2,1,2,1,1,0,3
1,36,2,0,3249,1,7,2,1,0,4,3,39,2,0,1,0,2,1,0,1
1,6,0,3,1957,1,7,1,0,0,4,2,31,0,1,1,1,1,1,0,3
0,9,0,2,2406,1,0,2,1,0,3,2,31,0,1,1,0,1,1,0,1
2,39,1,6,11760,2,7,2,1,0,3,3,32,0,2,1,1,1,1,0,1
1,12,2,2,2578,1,0,3,0,0,4,3,55,0,0,1,0,1,1,0,3
1,36,0,2,2348,1,4,3,1,0,2,1,46,0,1,2,1,1,1,0,2
2,12,2,0,1223,1,8,1,1,0,1,0,46,0,2,2,1,1,1,1,4
0,24,0,3,1516,4,4,4,0,0,1,0,43,0,1,2,2,1,1,0,3
0,18,2,3,1473,1,1,3,1,0,4,0,39,0,1,1,1,1,1,0,2
2,18,0,9,1887,0,4,4,1,0,4,0,28,2,1,2,1,1,1,0,2
0,24,1,9,8648,1,1,2,1,0,2,2,27,2,1,2,1,1,1,1,1
0,14,1,0,802,1,4,4,1,0,2,2,27,0,1,2,2,1,1,0,1
2,18,1,0,2899,0,8,4,1,0,4,2,43,0,1,1,1,2,1,0,1
2,24,2,3,2039,1,1,1,1,0,1,1,22,0,1,1,1,1,1,1,2
0,24,0,1,2197,0,7,4,1,0,4,2,43,0,1,2,1,2,1,0,1
1,15,2,3,1053,1,1,4,1,0,2,0,27,0,1,1,1,1,0,0,2
0,24,2,3,3235,3,8,3,1,0,2,2,26,0,1,1,0,1,1,0,4
3,12,0,0,939,3,7,4,1,0,2,0,28,0,1,3,1,1,1,1,2
2,24,2,3,1967,1,8,4,0,0,4,2,20,0,1,1,1,1,1,0,3
0,33,0,1,7253,1,7,3,1,0,2,2,35,0,1,2,0,1,1,0,1
0,12,0,9,2292,1,0,4,1,0,2,2,42,1,1,2,0,1,1,1,1
0,10,2,0,1597,3,4,3,1,0,2,3,40,0,2,1,2,2,0,0,1
1,24,2,0,1381,0,4,4,0,0,2,1,35,0,1,1,1,1,1,1,3
0,36,0,1,5842,1,8,2,1,0,2,1,35,0,1,2,1,2,1,0,1
1,12,2,0,2579,1,1,4,1,0,1,0,33,0,1,1,2,2,1,1,1
1,18,1,6,8471,0,4,1,0,0,2,2,23,0,2,2,1,1,1,0,3
0,21,2,0,2782,3,7,1,0,0,2,2,31,2,1,1,0,1,1,0,3
2,18,2,0,1042,0,4,4,0,0,2,1,33,0,1,1,1,1,1,1,3
0,15,2,0,3186,4,7,2,0,0,3,2,20,0,2,1,1,1,1,0,3
2,12,2,1,2028,0,4,4,1,0,2,2,30,0,1,1,1,1,1,0,1
2,12,0,0,958,1,7,2,1,0,3,0,47,0,1,2,2,2,1,0,1
0,21,1,2,1591,2,7,4,1,0,3,0,34,0,1,2,0,1,1,0,1
2,12,2,2,2762,0,8,1,0,0,2,1,25,2,1,1,1,1,1,1,3
2,18,2,1,2779,1,4,1,1,0,3,2,21,0,2,1,1,1,1,0,2
0,28,0,3,2743,1,8,4,1,0,2,2,29,0,1,2,1,1,1,0,1
0,18,0,3,1149,4,4,4,1,0,3,0,46,0,1,2,1,1,1,0,1
0,9,2,2,1313,1,8,1,1,0,4,2,20,0,1,1,1,1,1,0,1
1,18,0,5,1190,1,0,2,0,0,4,3,55,0,0,3,3,2,1,1,3
0,5,2,9,3448,1,7,1,1,0,4,0,74,0,1,1,2,1,1,0,1
2,24,2,10,11328,1,4,2,1,1,3,2,29,2,1,2,0,1,1,1,1
1,6,0,2,1872,1,0,4,1,0,4,3,36,0,0,3,0,1,1,0,1
0,24,0,5,2058,1,4,4,1,0,2,0,33,0,1,2,1,1,1,0,4
1,9,2,2,2136,1,4,3,1,0,2,0,25,0,1,1,1,1,1,0,1
2,12,2,3,1484,0,4,2,1,0,1,0,25,0,1,1,1,1,1,1,2
0,6,2,5,660,3,7,2,1,0,4,0,23,0,2,1,2,1,1,0,2
0,24,0,0,1287,4,8,4,0,0,4,0,37,0,1,2,1,1,1,0,3
1,42,0,5,3394,1,0,4,1,1,4,2,65,0,1,2,3,1,1,0,1
3,12,3,9,609,1,1,4,0,0,1,0,26,0,1,1,3,1,1,1,3
0,12,2,0,1884,1,8,4,1,0,4,2,39,0,1,1,0,1,1,0,1
1,12,2,2,1620,1,4,2,0,1,3,1,30,0,1,1,1,1,1,0,3
2,20,1,10,2629,1,4,2,1,0,3,2,29,2,1,2,1,1,1,0,1
0,12,2,6,719,1,8,4,1,0,4,2,41,2,1,1,2,2,1,1,1
2,48,0,2,5096,1,4,2,0,0,3,2,30,0,1,1,0,1,1,1,3
0,9,0,6,1244,0,8,4,0,0,4,1,41,0,2,2,2,1,1,0,3
1,36,2,0,1842,1,1,4,0,0,4,2,34,0,1,1,1,1,1,1,3
2,7,2,3,2576,1,4,2,1,2,2,0,35,0,1,1,1,1,1,0,1
3,12,2,2,1424,0,8,3,0,0,4,0,55,0,1,1,0,1,1,0,3
2,15,1,5,1512,4,4,3,1,0,3,1,61,1,1,2,1,1,1,1,2
0,36,0,1,11054,0,4,4,1,0,2,2,30,0,1,1,0,1,1,0,1
0,6,2,3,518,1,4,3,0,0,1,0,29,0,1,1,1,1,1,0,3
0,12,4,2,2759,1,8,2,1,0,4,1,34,0,1,2,1,1,1,0,1
0,24,2,1,2670,1,8,4,1,0,4,2,35,0,1,1,0,1,1,0,1
1,24,2,0,4817,1,7,2,1,1,3,1,31,0,1,1,1,1,1,1,1
0,24,2,1,2679,1,1,4,0,0,1,3,29,0,1,1,0,1,1,0,3
1,11,0,0,3905,1,4,2,1,0,2,0,36,0,2,2,1,2,1,0,1
1,12,2,1,3386,1,8,3,1,0,4,3,35,0,0,1,1,1,1,1,1
1,6,2,4,343,1,1,4,0,0,1,0,27,0,1,1,1,1,1,0,3
0,18,2,3,4594,1,1,3,1,0,2,2,32,0,1,1,1,1,1,0,1
1,36,2,2,3620,1,4,1,1,2,2,1,37,0,1,1,1,2,1,0,1
1,15,2,0,1721,1,1,2,1,0,3,0,36,0,1,1,1,1,1,0,1
2,12,2,2,3017,1,1,3,0,0,1,0,34,0,2,1,0,1,1,0,3
2,12,2,8,754,0,8,4,1,0,4,1,38,0,1,2,1,1,1,0,1
0,18,2,9,1950,1,7,4,1,0,1,2,34,1,1,2,1,1,1,0,1
1,24,2,1,2924,1,4,3,1,2,4,3,63,2,1,1,1,2,1,0,1
1,24,1,3,1659,1,1,4,0,0,2,2,29,0,2,1,2,1,1,1,3
0,48,1,3,7238,0,8,3,1,0,3,2,32,2,1,2,1,2,1,0,1
0,33,1,9,2764,1,4,2,0,0,2,2,26,0,1,2,1,1,1,0,3
0,24,1,1,4679,1,7,3,1,0,3,2,35,0,1,2,2,1,1,0,1
2,24,2,3,3092,2,1,3,1,0,2,2,22,0,2,1,1,1,1,1,2
1,6,2,6,448,1,1,4,0,0,4,1,23,0,1,1,1,1,1,1,3
1,9,2,0,654,1,4,4,1,0,3,2,28,0,1,1,2,1,1,1,1
0,6,2,8,1238,0,0,4,1,0,4,1,36,0,1,1,0,2,1,0,1
2,18,0,3,1245,1,4,4,1,0,2,2,33,0,1,1,1,1,1,1,2
1,18,4,2,3114,1,1,1,0,0,4,1,26,0,2,1,1,1,1,1,3
0,39,2,1,2569,3,4,4,1,0,4,2,24,0,1,1,1,1,1,0,1
3,24,2,3,5152,1,7,4,1,0,2,2,25,2,1,1,1,1,1,0,1
2,12,2,9,1037,2,7,3,1,0,4,0,39,0,1,1,2,1,1,0,1
1,15,0,2,1478,1,8,4,1,0,4,2,44,0,1,2,1,2,1,0,1
2,12,0,3,3573,1,4,1,0,0,1,0,23,0,1,1,2,1,1,0,3
2,24,2,0,1201,1,1,4,1,0,1,1,26,0,1,1,1,1,1,0,1
1,30,2,2,3622,4,8,4,0,0,4,1,57,0,2,2,1,1,1,0,3
0,15,1,2,960,4,7,3,0,0,2,1,30,0,1,2,1,1,1,0,3
0,12,0,0,1163,3,4,4,1,0,4,0,44,0,1,1,1,1,1,0,1
2,6,1,0,1209,1,0,4,1,0,4,1,47,0,1,1,0,1,1,1,1
0,12,2,3,3077,1,4,2,1,0,4,2,52,0,1,1,1,1,1,0,1
0,24,2,0,3757,1,8,4,0,1,4,3,62,0,0,1,1,1,1,0,3
0,10,2,0,1418,2,4,3,1,0,2,0,35,0,2,1,2,1,0,0,1
0,6,2,0,3518,1,4,2,1,2,3,1,26,0,2,1,1,1,1,0,1
0,12,0,3,1934,1,8,2,1,0,2,3,26,0,1,2,1,1,1,0,1
2,27,4,9,8318,1,8,2,0,0,4,3,42,0,0,2,0,1,1,1,3
0,6,0,3,1237,2,4,1,0,0,1,1,27,0,1,2,1,1,1,0,3
2,6,2,3,368,0,8,4,1,0,4,1,38,0,1,1,1,1,1,0,1
1,12,0,0,2122,1,4,3,1,0,2,0,39,0,2,2,2,2,0,0,1
1,24,2,2,2996,0,4,2,1,0,4,2,20,0,1,1,1,1,1,1,2
2,36,2,2,9034,2,1,4,1,1,1,3,29,0,2,1,0,1,1,1,1
0,24,0,2,1585,1,7,4,1,0,3,1,40,0,1,2,1,1,1,0,1
2,18,2,3,1301,1,8,4,1,2,2,0,32,0,1,1,2,1,1,0,2
3,6,0,0,1323,2,8,2,1,0,4,2,28,0,1,2,1,2,1,0,4
1,24,2,0,3123,1,1,4,0,0,1,1,27,0,1,1,1,1,1,1,3
1,36,2,1,5493,1,8,2,1,0,4,3,42,0,0,1,1,2,1,0,1
3,9,2,3,1126,2,8,2,1,0,4,0,49,0,1,1,1,1,1,0,4
2,24,0,3,1216,2,1,4,1,0,4,3,38,2,1,2,1,2,1,1,1
1,24,2,0,1207,1,1,4,0,0,4,1,24,0,2,1,1,1,1,1,3
0,10,2,0,1309,0,4,4,1,2,4,1,27,0,1,1,2,1,1,1,1
3,15,0,1,2360,3,4,2,1,0,2,2,36,0,1,1,1,1,1,0,1
2,15,3,0,6850,2,0,1,1,0,2,1,34,0,1,1,0,2,1,1,1
0,24,2,3,1413,1,4,4,1,0,2,1,28,0,1,1,1,1,1,0,2
0,39,2,1,8588,2,8,4,1,0,2,2,45,0,1,1,0,1,1,0,1
1,12,2,0,759,1,7,4,1,0,2,0,26,0,1,1,1,1,1,1,1
0,36,2,1,4686,1,4,2,1,0,2,3,32,0,0,1,0,1,1,0,1
3,15,2,9,2687,1,7,2,1,0,4,1,26,0,2,1,1,1,1,0,1
2,12,1,3,585,1,4,4,1,1,4,0,20,0,2,2,1,1,1,0,2
0,24,2,0,2255,0,1,4,1,0,1,1,54,0,1,1,1,1,1,0,1
1,6,0,0,609,1,7,4,0,0,3,1,37,0,1,2,1,1,0,0,3
1,6,0,0,1361,1,1,2,1,0,4,0,40,0,1,1,2,2,0,0,1
0,36,0,2,7127,1,1,2,0,0,4,1,23,0,2,2,1,1,1,1,3
1,6,2,0,1203,2,8,3,1,0,2,1,43,0,1,1,1,1,1,0,1
0,6,0,3,700,0,8,4,1,0,4,3,36,0,0,2,1,1,1,0,1
0,24,0,5,5507,1,8,3,1,0,4,3,44,0,0,2,1,1,1,0,1
1,18,2,3,3190,1,4,2,0,0,2,0,24,0,1,1,1,1,1,1,3
1,48,4,2,7119,1,4,3,1,0,4,3,53,0,0,2,1,2,1,1,1
0,24,2,1,3488,2,7,3,0,0,4,2,23,0,1,1,1,1,1,0,3
2,18,2,3,1113,1,4,4,0,2,4,0,26,0,1,1,2,2,1,0,3
2,26,2,1,7966,1,1,2,1,0,3,2,30,0,1,2,1,1,1,0,1
0,15,0,6,1532,2,4,4,0,0,3,2,31,0,1,1,1,1,1,0,3
0,4,0,3,1503,1,7,2,1,0,1,0,42,0,1,2,2,2,1,0,1
1,36,2,3,2302,1,4,4,1,0,4,2,31,0,2,1,1,1,1,1,4
1,6,2,0,662,1,1,3,1,0,4,0,41,0,1,1,2,2,1,0,1
2,36,2,6,2273,1,7,3,1,0,1,2,32,0,1,2,1,2,1,0,1
2,15,2,0,2631,2,4,2,0,0,4,2,28,0,2,2,1,1,1,1,3
0,12,1,1,1503,1,4,4,1,0,4,0,41,0,2,1,1,1,1,0,2
0,24,2,3,1311,2,7,4,1,0,3,1,26,0,1,1,1,1,1,0,2
0,24,2,3,3105,0,1,4,1,0,2,2,25,0,1,2,1,1,1,0,1
3,21,0,6,2319,1,1,2,1,0,1,2,33,0,2,1,1,1,1,1,4
1,6,2,0,1374,0,0,4,0,0,3,1,75,0,1,1,0,1,1,0,3
2,18,0,2,3612,1,8,3,0,0,4,1,37,0,1,1,1,1,1,0,3
1,48,2,0,7763,1,8,4,1,0,4,3,42,2,0,1,0,1,1,1,1
3,18,2,2,3049,1,1,1,0,0,1,1,45,1,1,1,2,1,1,0,3
2,12,2,3,1534,1,1,1,1,0,1,0,23,0,2,1,1,1,1,1,2
0,24,1,0,2032,1,8,4,1,0,4,3,60,0,0,2,1,1,1,0,1
1,30,2,2,6350,0,8,4,1,0,4,1,31,0,1,1,1,1,1,1,1
3,18,2,2,2864,1,4,2,1,0,1,0,34,0,1,1,2,2,1,1,1
0,12,0,0,1255,1,8,4,1,0,4,0,61,0,1,2,2,1,1,0,1
1,24,1,0,1333,1,0,4,1,0,2,0,43,0,0,2,1,2,1,1,1
0,24,0,0,2022,1,4,4,0,0,4,2,37,0,1,1,1,1,1,0,3
0,24,2,3,1552,1,7,3,1,0,1,2,32,2,1,1,1,2,1,0,1
1,12,3,3,626,1,4,4,0,0,4,0,24,2,1,1,2,1,1,1,3
0,48,0,1,8858,0,7,2,1,0,1,3,35,0,0,2,1,1,1,0,1
0,12,0,5,996,0,7,4,0,0,4,0,23,0,1,2,1,1,1,0,3
0,6,3,3,1750,3,8,2,1,0,4,1,45,2,1,1,2,2,1,0,1
1,48,2,3,6999,1,7,1,1,2,1,0,34,0,1,2,1,1,1,1,2
2,12,0,0,1995,2,1,4,1,0,1,2,27,0,1,1,1,1,1,0,1
2,9,2,6,1199,1,7,4,0,0,4,1,67,0,1,2,0,1,1,0,3
2,12,2,3,1331,1,1,2,1,0,1,2,22,1,1,1,1,1,1,1,1
2,18,4,0,2278,2,1,3,0,0,3,2,28,0,1,2,1,1,1,1,3
0,21,4,0,5003,0,4,1,0,0,4,1,29,2,1,2,1,1,1,1,3
1,24,3,2,3552,1,7,3,1,0,4,2,27,2,1,1,1,1,1,1,1
2,18,0,2,1928,1,1,2,1,0,2,0,31,0,1,2,2,1,1,1,1
1,24,2,1,2964,0,8,4,1,0,4,3,49,2,0,1,1,2,1,0,1
1,24,3,3,1546,1,7,4,1,2,4,2,24,2,2,1,2,1,1,1,1
3,6,1,3,683,1,1,2,0,0,1,1,29,2,1,1,1,1,1,0,3
2,36,2,0,12389,0,4,1,1,0,4,3,37,0,0,1,1,1,1,1,1
2,24,1,9,4712,0,4,4,1,0,2,1,37,2,1,2,0,1,1,0,1
2,24,1,3,1553,2,7,3,0,0,2,1,23,0,2,2,1,1,1,0,3
1,12,2,0,1372,1,7,2,1,0,3,2,36,0,1,1,1,1,1,1,4
0,24,0,3,2578,4,8,2,1,0,2,2,34,0,1,1,1,1,1,0,1
2,48,2,3,3979,0,7,4,1,0,1,2,41,0,1,2,1,2,1,0,1
1,48,2,3,6758,1,4,3,0,0,2,2,31,0,1,1,1,1,1,1,3
1,24,2,2,3234,1,1,4,0,0,4,0,23,0,2,1,2,1,1,1,3
0,30,0,3,5954,1,7,3,1,1,2,2,38,0,1,1,1,1,1,0,1
0,24,2,1,5433,0,0,2,0,0,4,1,26,0,2,1,0,1,1,0,3
1,15,2,9,806,1,4,4,0,0,4,1,22,0,1,1,2,1,1,0,3
2,9,2,3,1082,1,8,4,1,0,4,2,27,0,1,2,2,1,1,0,1
0,15,0,2,2788,1,7,2,0,1,3,2,24,2,1,2,1,1,1,0,3
2,12,2,3,2930,1,7,2,0,0,1,0,27,0,1,1,1,1,1,0,3
0,24,0,6,1927,0,4,3,0,0,2,2,33,0,1,2,1,1,1,0,3
2,36,0,0,2820,1,1,4,1,0,4,2,27,0,1,2,1,1,1,1,4
0,24,2,8,937,1,1,4,1,0,3,2,27,0,1,2,2,1,1,0,2
2,18,0,0,1056,1,8,3,1,2,3,0,30,2,1,2,1,1,1,1,1
2,12,0,0,3124,1,1,1,1,0,3,0,49,2,1,2,2,2,1,0,1
0,9,2,2,1388,1,4,4,0,0,2,0,26,0,2,1,1,1,1,0,3
2,36,2,5,2384,1,1,4,1,0,1,3,33,0,2,1,2,1,1,1,1
0,12,2,0,2133,0,8,4,0,0,4,3,52,0,0,1,0,1,1,0,3
1,18,2,2,2039,1,4,1,0,0,4,0,20,2,2,1,1,1,1,1,3
1,9,0,0,2799,1,4,2,1,0,2,0,36,0,2,2,1,2,1,0,1
1,12,2,2,1289,1,4,4,1,2,1,1,21,0,1,1,2,1,1,0,1
1,18,2,4,1217,1,4,4,1,0,3,0,47,0,1,1,2,1,1,1,2
1,12,0,2,2246,1,8,3,1,0,3,1,60,0,1,2,1,1,1,1,1
1,12,0,3,385,1,7,4,0,0,3,0,58,0,1,4,2,1,1,0,3
2,24,1,0,1965,0,4,4,0,0,4,2,42,0,2,2,1,1,1,0,3
0,21,2,9,1572,4,8,4,0,0,4,0,36,2,1,1,2,1,1,0,3
2,24,2,0,2718,1,4,3,0,0,4,1,20,0,2,1,2,1,1,1,3
1,24,3,10,1358,0,8,4,1,0,3,2,40,1,1,1,0,1,1,1,1
2,6,3,0,931,2,1,1,0,0,1,1,32,1,1,1,2,1,1,1,3
1,24,2,0,1442,1,7,4,0,0,4,2,23,0,2,2,1,1,1,1,3
2,24,4,9,4241,1,4,1,1,0,4,0,36,0,1,3,2,1,1,1,1
0,18,0,0,2775,1,7,2,1,0,2,1,31,2,1,2,1,1,1,1,1
0,24,1,9,3863,1,4,1,1,0,2,3,32,0,0,1,1,1,1,0,1
2,7,2,3,2329,1,1,1,0,2,1,0,45,0,1,1,1,1,1,0,3
2,9,2,2,918,1,4,4,0,0,1,1,30,0,1,1,1,1,1,1,3
2,24,3,6,1837,1,7,4,0,0,4,3,34,2,0,1,2,1,1,1,3
0,36,2,2,3349,1,4,4,0,0,2,2,28,0,1,1,0,1,1,1,3
3,10,2,2,1275,1,1,4,0,0,2,1,23,0,1,1,1,1,1,0,3
1,24,3,2,2828,3,4,4,1,0,4,0,22,1,1,1,1,1,1,0,1
0,24,0,9,4526,1,4,3,1,0,2,0,74,0,1,1,0,1,1,0,1
2,36,2,3,2671,2,4,4,0,1,4,3,50,0,0,1,1,1,1,1,3
0,18,2,3,2051,1,1,4,1,0,1,0,33,0,1,1,1,1,1,0,1
0,15,2,1,1300,0,8,4,1,0,4,3,45,2,0,1,1,2,1,0,1
1,12,2,4,741,2,0,4,0,0,3,1,22,0,1,1,1,1,1,1,3
3,10,2,0,1240,2,8,1,0,0,4,3,48,0,0,1,2,2,1,1,3
1,21,2,3,3357,4,1,4,0,0,2,2,29,2,1,1,1,1,1,0,3
1,24,3,1,3632,1,4,1,0,2,4,2,22,2,2,1,1,1,0,0,3
0,18,1,2,1808,1,7,4,0,0,1,0,22,0,1,1,1,1,1,1,3
2,48,4,9,12204,0,4,2,1,0,2,2,48,2,1,1,0,1,1,0,1
2,60,1,3,9157,0,4,2,1,0,2,3,27,0,0,1,0,1,1,0,1
1,6,0,0,3676,1,4,1,1,0,3,0,37,0,2,3,1,2,1,0,1
2,30,2,2,3441,2,4,2,0,1,4,2,21,0,2,1,1,1,1,1,3
0,12,2,0,640,1,4,4,1,0,2,0,49,0,1,1,2,1,1,0,4
2,21,0,9,3652,1,7,2,1,0,3,1,27,0,1,2,1,1,1,0,1
0,18,0,0,1530,1,4,3,1,0,2,1,32,2,1,2,1,1,1,1,1
0,48,2,9,3914,0,4,4,1,0,2,0,38,2,1,1,1,1,1,1,4
1,12,2,2,1858,1,1,4,0,0,1,2,22,0,2,1,1,1,1,0,3
1,18,2,3,2600,1,4,4,1,0,4,3,65,0,0,2,1,1,1,1,1
0,15,2,3,1979,0,8,4,1,0,2,2,35,0,1,1,1,1,1,0,1
3,6,2,2,2116,1,4,2,1,0,2,0,41,0,1,1,1,1,1,0,1
2,9,3,0,1437,2,7,2,1,0,3,3,29,0,1,1,1,1,1,1,1
0,42,0,2,4042,3,4,4,1,0,4,0,36,0,1,2,1,1,1,0,1
0,9,2,6,3832,0,8,1,1,0,4,0,64,0,1,1,2,1,1,0,1
1,24,2,3,3660,1,4,2,0,0,4,2,28,0,1,1,1,1,1,0,3
1,18,3,2,1553,1,4,4,1,0,3,2,44,2,1,1,1,1,1,1,1
2,15,2,3,1444,0,1,4,1,0,1,1,23,0,1,1,1,1,1,0,1
0,9,2,2,1980,1,1,2,0,1,2,2,19,0,2,2,1,1,1,1,3
2,24,2,0,1355,1,1,3,0,0,4,2,25,0,1,1,2,1,1,1,3
0,12,2,6,1393,1,8,4,1,0,4,1,47,2,1,3,1,2,1,0,1
0,24,2,3,1376,3,7,4,0,0,1,2,28,0,1,1,1,1,1,0,3
0,60,1,3,15653,1,7,2,1,0,4,2,21,0,1,2,1,1,1,0,1
0,12,2,3,1493,1,1,4,0,0,3,2,34,0,1,1,1,2,1,0,3
1,42,1,3,4370,1,7,3,1,0,2,1,26,2,1,2,1,2,1,1,1
1,18,2,6,750,1,0,4,0,0,1,0,27,0,1,1,3,1,1,1,3
2,15,2,5,1308,1,8,4,1,0,4,2,38,0,1,2,2,1,1,0,1
0,15,2,6,4623,2,4,3,1,0,2,1,40,0,1,1,0,1,1,1,1
0,24,0,3,1851,1,7,4,1,2,2,2,33,0,1,2,1,1,1,0,2
1,18,0,3,1880,1,7,4,1,0,1,1,32,0,1,2,0,1,1,0,2
0,36,1,9,7980,0,1,4,1,0,4,2,27,0,2,2,1,1,1,1,1
1,30,4,2,4583,1,4,2,1,2,2,0,32,0,1,2,1,1,1,0,4
0,12,2,0,1386,3,4,2,0,0,2,1,26,0,1,1,1,1,1,1,3
3,24,2,0,947,1,7,4,1,0,3,3,38,2,0,1,1,2,1,1,1
1,12,2,6,684,1,4,4,1,0,4,2,40,0,2,1,2,2,1,1,1
1,48,2,6,7476,1,7,4,1,0,1,3,50,0,0,1,0,1,1,0,1
2,12,2,2,1922,1,4,4,1,0,2,1,37,0,1,1,2,1,1,1,1
1,24,2,0,2303,1,8,4,1,1,1,0,45,0,1,1,1,1,1,1,1
2,36,1,0,8086,2,8,2,1,0,4,2,42,0,1,4,0,1,1,1,1
0,24,0,1,2346,1,7,4,1,0,3,2,35,0,1,2,1,1,1,0,1
1,14,2,0,3973,1,0,1,1,0,4,3,22,0,0,1,1,1,1,0,1
2,12,2,0,888,1,8,4,1,0,4,2,41,2,1,1,2,2,1,1,1
0,48,2,3,10222,0,7,4,1,0,3,2,37,1,1,1,1,1,1,0,1
2,30,4,9,4221,1,4,2,0,0,1,2,28,0,1,2,1,1,1,0,3
2,18,0,2,6361,1,8,2,1,0,1,3,41,0,1,1,1,1,1,0,1
3,12,2,3,1297,1,4,3,1,0,4,0,23,0,2,1,1,1,1,0,2
1,12,2,0,900,0,4,4,1,0,2,2,23,0,1,1,1,1,1,1,2
0,21,2,2,2241,1,8,4,1,0,2,0,50,0,1,2,1,1,1,0,1
2,6,1,2,1050,1,0,4,1,0,1,1,35,1,1,2,0,1,1,0,1
3,6,0,6,1047,1,4,2,0,0,4,1,50,0,1,1,2,1,1,0,3
0,24,0,10,6314,1,0,4,1,1,2,3,27,2,1,2,0,1,1,0,1
2,30,3,2,3496,4,4,4,1,0,2,2,34,1,1,1,1,2,1,0,1
0,48,3,9,3609,1,4,1,0,0,1,0,27,1,1,1,1,1,1,0,3
1,12,0,0,4843,1,8,3,1,1,4,1,43,0,2,2,1,1,1,1,1
3,30,0,3,3017,1,8,4,1,0,4,1,47,0,1,1,1,1,1,0,1
0,24,0,9,4139,2,4,3,1,0,3,1,27,0,1,2,2,1,1,0,1
0,36,2,9,5742,2,7,2,1,0,2,2,31,0,1,2,1,1,1,0,1
0,60,2,0,10366,1,8,2,1,0,4,1,42,0,1,1,0,1,1,0,1
0,6,0,0,2080,3,4,1,1,0,2,2,24,0,1,1,1,1,1,0,2
0,21,1,9,2580,3,1,4,1,0,2,0,41,2,1,1,2,2,1,1,1
0,30,0,3,4530,1,7,4,0,0,4,2,26,0,2,1,0,1,1,0,3
0,24,0,2,5150,1,8,4,1,0,4,2,33,0,1,1,1,1,1,0,1
2,72,2,3,5595,2,4,2,1,0,2,2,24,0,1,1,1,1,1,1,2
1,24,2,3,2384,1,8,4,1,0,4,0,64,2,2,1,2,1,1,0,1
0,18,2,3,1453,1,1,3,0,0,1,0,26,0,1,1,1,1,1,0,3
0,6,2,6,1538,1,1,1,0,0,2,3,56,0,1,1,1,1,1,0,3
0,12,2,3,2279,0,4,4,1,0,4,3,37,0,0,1,1,1,1,0,1
0,15,1,3,1478,1,4,4,1,0,3,0,33,2,1,2,1,1,1,0,2
0,24,0,3,5103,1,1,3,1,0,3,3,47,0,0,3,1,1,1,0,2
2,36,1,9,9857,2,7,1,1,0,3,1,31,0,1,2,2,2,1,0,1
0,60,2,0,6527,0,4,4,1,0,4,3,34,0,0,1,1,2,1,0,1
3,10,0,3,1347,0,7,4,1,0,2,1,27,0,1,2,1,1,1,0,1
2,36,1,0,2862,2,8,4,1,0,3,3,30,0,0,1,1,1,1,0,1
0,9,2,3,2753,2,8,3,1,1,4,2,35,0,1,1,1,1,1,0,1
1,12,2,0,3651,4,4,1,1,0,3,1,31,0,1,1,1,2,1,0,1
1,15,0,2,975,1,4,2,1,0,3,1,25,0,1,2,1,1,1,0,4
2,15,2,5,2631,2,4,3,0,0,2,0,25,0,1,1,2,1,1,0,3
2,24,2,3,2896,2,1,2,1,0,1,2,29,0,1,1,1,1,1,0,1
1,6,0,0,4716,0,1,1,1,0,3,0,44,0,1,2,2,2,1,0,1
0,24,2,3,2284,1,7,4,1,0,2,2,28,0,1,1,1,1,1,0,1
0,6,2,1,1236,3,4,2,1,0,4,1,50,0,2,1,1,1,1,0,1
2,12,2,3,1103,1,7,4,1,2,3,0,29,0,1,2,1,1,0,0,1
0,12,0,0,926,1,0,1,0,0,2,1,38,0,1,1,3,1,1,0,3
0,18,0,3,1800,1,4,4,1,0,2,2,24,0,1,2,1,1,1,0,1
3,15,2,6,1905,1,8,4,1,0,4,2,40,0,2,1,0,1,1,0,1
0,12,2,2,1123,3,4,4,0,0,4,2,29,0,2,1,2,1,1,1,3
1,48,0,1,6331,1,8,4,1,0,4,3,46,0,0,2,1,1,1,1,1
3,24,2,3,1377,2,8,4,0,0,2,3,47,0,0,1,1,1,1,0,3
2,30,1,9,2503,2,8,4,1,0,2,1,41,1,1,2,1,1,1,0,1
2,27,2,9,2528,1,1,4,0,0,1,1,32,0,1,1,1,2,1,0,3
0,15,2,0,5324,3,8,1,0,0,4,3,35,0,0,1,1,1,1,0,3
2,48,2,0,6560,2,7,3,1,0,2,1,24,0,1,1,1,1,1,1,1
2,12,4,2,2969,1,1,4,0,0,3,1,25,0,2,2,1,1,1,1,3
2,9,2,3,1206,1,8,4,0,0,4,0,25,0,1,1,1,1,1,0,3
2,9,2,3,2118,1,4,2,1,0,2,0,37,0,1,1,2,2,1,0,1
0,18,0,3,629,3,8,4,1,0,3,1,32,2,1,2,0,1,1,0,1
1,6,3,6,1198,1,8,4,0,0,4,3,35,0,0,1,1,1,1,1,3
0,21,2,1,2476,0,8,4,1,0,4,0,46,0,1,1,0,1,1,0,1
1,9,0,3,1138,1,4,4,1,0,4,0,25,0,1,2,2,1,1,0,1
2,60,2,0,14027,1,7,4,1,0,2,3,27,0,1,1,0,1,1,1,1
0,30,0,1,7596,0,8,1,1,0,4,2,63,0,1,2,1,1,1,0,1
0,30,0,3,3077,0,8,3,1,0,2,2,40,0,1,2,1,2,1,0,1
0,18,2,3,1505,1,4,4,1,0,2,3,32,0,0,1,0,1,1,0,1
3,24,0,3,3148,0,4,3,1,0,2,2,31,0,1,2,1,1,1,0,1
2,20,4,1,6148,2,8,3,1,0,4,2,31,2,1,2,1,1,1,0,2
3,9,4,3,1337,1,1,4,1,0,2,2,34,0,1,2,0,1,1,1,1
2,6,3,6,433,4,1,4,0,0,2,1,24,2,2,1,1,2,1,1,3
1,12,2,0,1228,1,4,4,0,0,2,0,24,0,1,1,2,1,1,1,3
2,9,2,3,790,3,4,4,0,0,3,0,66,0,1,1,2,1,1,0,3
0,27,2,0,2570,1,4,3,0,0,3,0,21,0,2,1,1,1,1,1,3
0,6,0,0,250,4,4,2,0,0,2,0,41,2,1,2,2,1,1,0,3
0,15,0,3,1316,3,4,2,1,0,2,1,47,0,1,2,2,1,1,0,2
1,18,2,3,1882,1,4,4,0,0,4,2,25,2,2,2,1,1,1,1,3
2,48,3,9,6416,1,8,4,0,0,3,3,59,0,2,1,1,1,1,1,3
3,24,0,9,1275,4,4,2,1,0,4,0,36,0,1,2,1,1,1,0,4
2,24,1,3,6403,1,1,1,1,0,2,2,33,0,1,1,1,1,1,0,1
1,24,2,3,1987,1,4,2,1,0,4,0,21,0,2,1,2,2,1,1,1
2,8,2,3,760,1,7,4,0,2,2,0,44,0,1,1,2,1,1,0,3
0,24,2,1,2603,4,4,2,0,0,4,2,28,0,2,1,1,1,1,0,3
0,4,0,0,3380,1,7,1,0,0,1,0,37,0,1,1,1,2,1,0,3
2,36,3,4,3990,0,1,3,0,0,2,3,29,2,1,1,3,1,1,0,3
2,24,2,1,11560,1,4,1,0,0,4,2,23,0,2,2,0,1,1,1,3
1,18,2,0,4380,2,4,3,1,0,4,2,35,0,1,1,2,2,1,0,1
0,6,0,0,6761,1,7,1,1,0,3,3,45,0,1,2,0,2,1,0,1
2,30,4,9,4280,2,4,4,0,0,4,2,26,0,2,2,2,1,1,1,3
1,24,3,0,2325,2,7,2,1,0,3,2,32,2,1,1,1,1,1,0,1
2,10,3,3,1048,1,4,4,1,0,4,0,23,1,1,1,2,1,1,0,1
0,21,2,3,3160,0,8,4,1,0,3,1,41,0,1,1,1,1,1,0,1
1,24,3,2,2483,3,4,4,1,0,4,0,22,1,1,1,1,1,1,0,1
1,39,0,2,14179,0,7,4,1,0,4,1,30,0,1,2,0,1,1,0,1
1,13,0,9,1797,1,1,3,1,0,1,1,28,2,1,2,2,1,1,0,1
1,15,2,0,2511,1,0,1,0,0,4,2,23,0,2,1,1,1,1,0,3
1,12,2,0,1274,1,1,3,0,0,1,0,37,0,1,1,2,1,1,1,3
0,21,2,1,5248,0,4,1,1,0,3,2,26,0,1,1,1,1,1,0,1
0,15,2,1,3029,1,7,2,1,0,2,2,33,0,1,1,1,1,1,0,1
1,6,2,2,428,1,8,2,0,0,1,1,49,2,1,1,1,1,1,0,3
1,18,2,0,976,1,1,1,0,0,2,2,23,0,1,1,2,1,1,1,3
2,12,2,9,841,2,7,2,0,0,4,0,23,0,2,1,2,1,1,0,3
0,30,0,3,5771,1,7,4,0,0,2,2,25,0,1,2,1,1,1,0,3
0,12,1,5,1555,4,8,4,1,0,4,3,55,0,0,2,1,2,1,1,1
1,24,2,0,1285,0,7,4,0,0,4,3,32,0,2,1,1,1,1,1,3
3,6,0,0,1299,1,4,1,1,0,1,0,74,0,1,3,3,2,0,0,1
3,15,0,3,1271,0,4,3,1,0,4,3,39,0,0,2,1,1,1,1,1
0,24,2,0,1393,1,4,2,1,2,2,0,31,0,1,1,1,1,1,0,1
1,12,0,0,691,1,8,4,1,0,3,1,35,0,1,2,1,1,1,1,1
0,15,0,0,5045,0,8,1,0,0,4,2,59,0,1,1,1,1,1,0,3
1,18,0,2,2124,1,4,4,0,0,4,0,24,0,2,2,1,1,1,1,3
1,12,2,3,2214,1,4,4,1,0,3,1,24,0,1,1,2,1,1,0,1
0,21,0,0,12680,0,8,4,1,0,4,3,30,0,0,1,0,1,1,1,1
0,24,0,0,2463,2,7,4,1,0,3,1,27,0,1,2,1,1,1,0,2
2,12,2,3,1155,1,8,3,1,2,3,0,40,2,1,2,2,1,1,0,2
1,30,2,2,3108,1,1,2,1,0,4,1,31,0,1,1,2,1,1,1,4
0,10,2,1,2901,0,1,1,0,0,4,0,31,0,2,1,1,1,1,0,3
2,12,0,2,3617,1,8,1,1,0,4,2,28,0,2,3,1,1,1,0,1
0,12,0,3,1655,1,8,2,1,0,4,0,63,0,1,2,2,1,1,0,1
1,24,2,1,2812,0,8,2,0,0,4,0,26,0,2,1,1,1,1,0,3
1,36,0,6,8065,1,4,3,0,0,2,3,25,0,1,2,0,1,1,1,3
0,21,0,1,3275,1,8,1,1,0,4,2,36,0,1,1,0,1,1,0,1
0,24,0,3,2223,2,8,4,1,0,4,1,52,2,1,2,1,1,1,0,1
3,12,0,0,1480,3,0,2,1,0,4,3,66,2,0,3,3,1,1,0,1
1,24,2,0,1371,0,4,4,0,0,4,0,25,0,2,1,1,1,1,1,3
0,36,0,0,3535,1,7,4,1,0,4,2,37,0,1,2,1,1,1,0,1
1,18,2,3,3509,1,7,4,0,2,1,0,25,0,1,1,1,1,1,0,3
0,36,0,1,5711,4,8,4,1,0,2,2,38,0,1,2,0,1,1,0,1
2,18,2,5,3872,1,0,2,0,0,4,2,67,0,1,1,1,1,1,0,3
2,39,0,3,4933,1,7,2,1,2,2,0,25,0,1,2,1,1,1,1,1
0,24,0,0,1940,4,8,4,1,0,4,0,60,0,1,1,1,1,1,0,1
2,12,4,8,1410,1,4,2,1,0,2,0,31,0,1,1,2,1,1,0,1
2,12,2,0,836,2,1,4,0,0,2,1,23,2,1,1,2,1,1,1,3
2,20,2,1,6468,0,0,1,1,0,4,0,60,0,1,1,0,1,1,0,4
2,18,2,9,1941,4,4,4,1,0,2,1,35,0,1,1,2,1,1,0,1
0,22,2,3,2675,3,8,3,1,0,4,2,40,0,1,1,1,1,1,0,1
0,48,0,1,2751,0,8,4,1,0,3,2,38,0,1,2,1,2,1,0,1
2,48,1,6,6224,1,8,4,1,0,4,3,50,0,0,1,1,1,1,1,1
1,40,0,6,5998,1,4,4,1,0,3,3,27,2,1,1,1,1,1,1,1
2,21,2,9,1188,1,8,2,0,0,4,1,39,0,1,1,1,2,1,1,3
0,24,2,1,6313,0,8,3,1,0,4,2,41,0,1,1,0,2,1,0,1
0,6,0,2,1221,0,4,1,1,0,2,1,27,0,1,2,1,1,1,0,2
3,24,2,2,2892,1,8,3,1,0,4,3,51,0,0,1,1,1,1,0,4
0,24,2,2,3062,3,8,4,1,0,3,3,32,0,2,1,1,1,1,0,1
0,9,2,2,2301,2,1,2,0,0,4,1,22,0,2,1,1,1,1,0,3
1,18,2,1,7511,0,8,1,1,0,4,1,51,0,0,1,1,2,1,1,1
0,12,0,2,1258,1,1,2,0,0,4,1,22,0,2,2,2,1,1,0,3
0,24,1,0,717,0,8,4,1,0,4,2,54,0,1,2,1,1,1,0,2
2,9,2,0,1549,0,1,4,1,0,2,0,35,0,1,1,3,1,1,0,1
0,24,0,6,1597,1,8,4,1,0,4,3,54,0,0,2,1,2,1,0,1
2,18,0,3,1795,1,8,3,0,2,4,0,48,2,2,2,2,1,1,0,3
1,20,0,2,4272,1,8,1,0,0,4,1,24,0,1,2,1,1,1,0,3
0,12,0,3,976,0,8,4,1,0,4,2,35,0,1,2,1,1,1,0,1
2,12,2,0,7472,0,0,1,0,0,2,0,24,0,2,1,3,1,1,0,3
1,36,2,0,9271,1,7,2,1,0,1,2,24,0,1,1,1,1,1,1,1
2,6,2,3,590,1,1,3,1,0,3,0,26,0,1,1,2,1,0,0,2
0,12,0,3,930,0,8,4,1,0,4,0,65,0,1,4,1,1,1,0,1
2,42,3,1,9283,1,0,1,1,0,2,3,55,2,0,1,0,1,1,0,1
2,15,4,0,1778,1,1,2,0,0,1,0,26,0,2,2,3,1,1,1,3
2,8,2,9,907,1,1,3,1,0,2,0,26,0,1,1,1,1,1,0,2
2,6,2,3,484,1,7,3,1,2,3,0,28,2,1,1,2,1,1,0,2
1,36,0,1,9629,1,7,4,1,0,4,2,24,0,1,2,1,1,1,1,1
1,48,2,4,3051,1,4,3,1,0,4,2,54,0,1,1,1,1,1,1,1
1,48,2,0,3931,1,7,4,1,0,4,3,46,0,0,1,1,2,1,1,1
2,36,1,0,7432,1,4,2,0,0,2,1,54,0,2,1,1,1,1,0,3
0,6,2,4,1338,3,4,1,1,0,4,0,62,0,1,1,1,1,1,0,4
0,6,0,3,1554,1,7,1,0,0,2,2,24,0,2,2,1,1,1,0,3
1,36,2,10,15857,1,0,2,1,1,3,2,43,0,1,1,0,1,1,0,4
1,18,2,3,1345,1,4,4,1,0,3,0,26,2,1,1,1,1,1,1,2
0,12,2,0,1101,1,4,3,1,0,2,0,27,0,1,2,1,1,1,0,2
3,12,2,3,3016,1,4,3,1,0,1,2,24,0,1,1,1,1,1,0,2
1,36,2,2,2712,1,8,2,1,0,2,1,41,2,1,1,1,2,1,1,1
1,8,0,0,731,1,8,4,1,0,4,0,47,0,1,2,2,1,1,0,1
0,18,0,2,3780,1,1,3,1,0,2,2,35,0,1,2,0,1,1,0,4
1,21,0,0,1602,1,8,4,1,0,3,2,30,0,1,2,1,1,1,0,2
1,18,0,0,3966,1,8,1,0,0,4,0,33,2,2,3,1,1,1,1,3
0,18,4,9,4165,1,4,2,1,0,2,2,36,1,1,2,1,2,1,1,1
1,36,2,1,8335,0,8,3,1,0,4,3,47,0,0,1,1,1,1,1,1
2,48,1,9,6681,0,4,4,1,0,4,3,38,0,0,1,1,2,1,0,1
0,24,1,9,2375,3,4,4,1,0,2,2,44,0,1,2,1,2,1,0,1
1,18,2,0,1216,1,1,4,0,0,3,2,23,0,2,1,1,1,1,1,3
1,45,4,9,11816,1,8,2,1,0,4,2,29,0,2,2,1,1,1,1,1
2,24,2,3,5084,0,8,2,0,0,4,2,42,0,1,1,1,1,1,0,3
3,15,2,3,2327,1,1,2,0,0,3,0,25,0,1,1,2,1,1,1,3
1,12,4,0,1082,1,4,4,1,0,4,2,48,2,1,2,1,1,1,1,1
0,12,2,3,886,0,4,4,0,0,2,2,21,0,1,1,1,1,1,0,3
0,4,2,2,601,1,1,1,0,0,3,0,23,0,2,1,2,2,1,0,3
1,24,0,1,2957,1,8,4,1,0,4,1,63,0,1,2,1,1,1,0,1
0,24,0,3,2611,1,8,4,1,1,3,0,46,0,1,2,1,1,1,0,2
1,36,2,2,5179,1,7,4,1,0,2,1,29,0,1,1,1,1,1,1,1
0,21,1,1,2993,1,4,3,1,0,2,0,28,1,1,2,2,1,1,0,1
0,18,2,5,1943,1,1,4,0,0,4,0,23,0,1,1,1,1,1,1,3
0,24,3,9,1559,1,7,4,1,0,4,2,50,2,1,1,1,1,1,0,1
0,18,2,2,3422,1,8,4,1,0,4,1,47,2,1,3,1,2,1,0,1
2,21,2,2,3976,0,7,2,1,0,3,2,35,0,1,1,1,1,1,0,1
0,18,2,0,6761,0,4,2,1,0,4,2,68,0,2,2,1,1,1,1,1
0,24,2,0,1249,1,1,4,1,0,2,0,28,0,1,1,1,1,1,0,2
1,9,2,3,1364,1,7,3,1,0,4,0,59,0,1,1,1,1,1,0,1
1,12,2,3,709,1,8,4,1,0,4,0,57,1,1,1,2,1,1,1,1
1,20,0,0,2235,1,4,4,1,2,2,1,33,2,2,2,1,1,0,1,2
0,24,0,1,4042,0,7,3,1,0,4,1,43,0,1,2,1,1,1,0,1
0,15,0,3,1471,1,4,4,1,0,4,3,35,0,0,2,1,1,1,0,1
1,18,3,0,1442,1,7,4,1,0,4,3,32,0,0,2,2,2,1,1,1
0,36,1,0,10875,1,8,2,1,0,2,2,45,0,1,2,1,2,1,0,1
0,24,2,0,1474,2,1,4,1,0,3,0,33,0,1,1,1,1,1,0,2
0,10,2,8,894,0,7,4,0,0,3,1,40,0,1,1,1,1,1,0,3
0,15,0,2,3343,1,4,4,1,0,2,3,28,0,0,1,1,1,1,0,1
1,15,2,0,3959,1,4,3,0,0,2,1,29,0,1,1,1,1,1,1,3
0,9,2,0,3577,2,4,1,1,2,2,0,26,0,2,1,1,2,0,0,1
0,24,0,1,5804,4,4,4,1,0,2,0,27,0,1,2,1,1,1,0,1
0,18,1,9,2169,1,4,4,1,0,2,2,28,0,1,1,1,1,1,1,2
1,24,2,3,2439,1,1,4,0,0,4,0,35,0,1,1,1,1,1,1,3
0,27,0,2,4526,4,1,4,1,0,2,0,32,1,1,2,2,2,1,0,1
0,10,2,2,2210,1,4,2,1,0,2,0,25,2,2,1,2,1,1,1,1
0,15,2,2,2221,3,4,2,0,0,4,2,20,0,2,1,1,1,1,0,3
1,18,2,3,2389,1,1,4,0,0,1,2,27,1,1,1,1,1,1,0,3
0,12,0,2,3331,1,8,2,1,0,4,1,42,1,1,1,1,1,1,0,1
0,36,2,9,7409,0,8,3,1,0,2,1,37,0,1,2,1,1,1,0,1
1,12,2,2,652,1,8,4,0,0,4,1,24,0,2,1,1,1,1,0,3
0,36,1,2,7678,3,7,2,0,0,4,2,40,0,1,2,1,1,1,0,3
3,6,0,0,1343,1,8,1,1,0,4,0,46,0,1,2,1,2,0,0,1
1,24,0,9,1382,2,7,4,1,0,1,0,26,0,1,2,1,1,1,0,1
0,15,2,4,874,0,1,4,0,0,1,0,24,0,1,1,1,1,1,0,3
1,12,2,2,3590,1,4,2,1,1,2,1,29,0,1,1,2,2,1,0,1
2,11,0,0,1322,4,4,4,0,0,4,2,40,0,1,2,1,1,1,0,3
1,18,3,3,1940,1,1,3,1,1,4,3,36,2,0,1,0,1,1,0,1
0,36,2,3,3595,1,8,4,1,0,2,2,28,0,1,1,1,1,1,0,1
1,9,2,0,1422,1,1,3,1,0,2,3,27,0,0,1,0,1,1,1,1
0,30,0,3,6742,0,7,2,1,0,3,1,36,0,1,2,1,1,1,0,1
0,24,2,1,7814,1,7,3,1,0,3,2,38,0,1,1,0,1,1,0,1
0,24,2,1,9277,0,4,2,1,0,4,3,48,0,0,1,1,1,1,0,4
2,30,0,0,2181,0,8,4,1,0,4,0,36,0,1,2,1,1,1,0,1
0,18,0,3,1098,1,0,4,0,0,4,2,65,0,1,2,3,1,1,0,3
2,24,2,2,4057,1,7,3,1,0,3,2,43,0,1,1,1,1,1,1,4
1,12,2,6,795,1,1,4,0,0,4,1,53,0,1,1,1,1,1,1,3
2,24,0,9,2825,0,7,4,1,0,3,3,34,0,1,2,1,2,1,0,1
2,48,2,9,15672,1,4,2,1,0,2,2,23,0,1,1,1,1,1,1,1
0,36,0,0,6614,1,8,4,1,0,4,2,34,0,1,2,0,1,1,0,1
0,28,3,1,7824,0,1,3,1,2,4,0,40,2,2,2,1,2,1,0,1
1,27,0,9,2442,1,8,4,1,0,4,2,43,1,1,4,0,2,1,0,1
0,15,0,3,1829,1,8,4,1,0,4,2,46,0,1,2,1,1,1,0,1
1,12,0,0,2171,1,4,4,1,0,4,1,38,2,1,2,2,1,0,0,1
2,36,0,1,5800,1,4,3,1,0,4,2,34,0,1,2,1,1,1,0,1
0,18,0,3,1169,0,4,4,1,0,3,1,29,0,1,2,1,1,1,0,1
0,36,1,1,8947,0,7,3,1,0,2,2,31,1,1,1,0,2,1,0,1
1,21,2,3,2606,1,1,4,0,0,4,1,28,0,2,1,0,1,1,0,3
0,12,0,2,1592,4,7,3,0,0,2,1,35,0,1,1,1,1,0,0,3
0,15,2,2,2186,0,7,1,0,0,4,0,33,2,2,1,2,1,1,0,3
1,18,2,2,4153,1,4,2,1,1,3,2,42,0,1,1,1,1,1,1,1
1,16,0,0,2625,1,8,2,1,2,4,1,43,2,2,1,1,1,1,1,1
0,20,0,0,3485,0,1,2,1,0,4,0,44,0,1,2,1,1,1,0,4
0,36,0,1,10477,0,8,2,1,0,4,3,42,0,0,2,1,1,1,0,1
0,15,2,3,1386,0,4,4,1,0,2,0,40,0,2,1,1,1,1,0,2
0,24,2,3,1278,1,8,4,1,0,1,0,36,0,1,1,0,1,1,0,1
1,12,2,3,1107,1,4,2,1,0,2,0,20,0,2,1,0,2,1,0,1
1,21,2,0,3763,0,7,2,1,1,2,0,24,0,1,1,2,1,0,0,1
2,36,2,6,3711,0,4,2,1,0,2,2,27,0,1,1,1,1,1,0,2
0,15,1,1,3594,1,1,1,0,0,2,1,46,0,1,2,2,1,1,0,3
2,9,2,0,3195,0,4,1,0,0,2,0,33,0,1,1,2,1,1,0,3
0,36,1,3,4454,1,4,4,0,0,4,0,34,0,1,2,1,1,1,0,3
2,24,0,2,4736,1,1,2,0,0,4,2,25,2,1,1,2,1,1,1,3
2,30,2,3,2991,0,8,2,0,0,4,2,25,0,1,1,1,1,1,0,3
0,11,2,9,2142,4,8,1,1,0,2,0,28,0,1,1,1,1,1,0,4
1,24,3,9,3161,1,4,4,1,0,2,1,31,0,2,1,1,1,1,1,1
2,48,4,10,18424,1,4,1,0,0,2,1,32,2,1,1,0,1,0,1,3
0,10,2,1,2848,2,4,1,1,1,2,0,32,0,1,1,1,2,1,0,1
1,6,2,0,14896,1,8,1,1,0,4,3,68,2,1,1,0,1,1,1,1
1,24,2,2,2359,2,0,1,1,0,1,1,33,0,1,1,1,1,1,1,4
1,24,2,2,3345,1,8,4,1,0,2,1,39,0,2,1,0,1,1,1,1
0,18,0,2,1817,1,4,4,0,0,2,3,28,0,1,2,1,1,1,0,3
0,48,1,3,12749,3,7,4,1,0,1,2,37,0,1,1,0,1,1,0,1
1,9,2,3,1366,1,1,3,0,0,4,1,22,0,2,1,1,1,1,1,3
2,12,2,0,2002,1,7,3,1,0,4,1,30,0,2,1,1,2,1,0,1
1,24,3,2,6872,1,1,2,1,0,1,1,55,2,1,1,1,1,1,1,4
1,12,3,0,697,1,1,4,1,0,2,2,46,2,1,2,1,1,1,1,1
1,18,0,2,1049,1,1,4,0,0,4,1,21,0,2,1,1,1,1,0,3
1,48,2,1,10297,1,7,4,1,0,4,3,39,1,0,3,1,2,1,1,1
0,30,2,3,1867,0,8,4,1,0,4,2,58,0,1,1,1,1,1,0,1
1,12,1,0,1344,1,4,4,1,0,2,0,43,0,1,2,2,2,1,0,1
1,24,2,2,1747,1,1,4,1,1,1,1,24,0,1,1,2,1,0,0,1
2,9,2,3,1670,1,1,4,0,0,2,2,22,0,1,1,1,1,1,1,3
0,9,0,0,1224,1,4,3,1,0,1,0,30,0,1,2,1,1,1,0,1
0,12,0,3,522,3,8,4,1,0,4,1,42,0,1,2,1,2,1,0,1
1,12,2,3,1498,1,4,4,0,0,1,2,23,2,1,1,1,1,1,0,3
2,30,1,3,1919,2,1,4,1,0,3,3,30,1,1,2,0,1,1,1,1
3,9,2,3,745,1,4,3,0,0,2,0,28,0,1,1,2,1,1,1,3
2,6,2,3,2063,1,1,4,1,0,3,2,30,0,2,1,0,1,1,0,2
2,60,2,6,6288,1,4,4,1,0,4,3,42,0,0,1,1,1,1,1,1
0,24,0,1,6842,0,4,2,1,0,4,1,46,0,1,2,0,2,1,0,1
0,12,2,0,3527,0,1,2,1,0,3,1,45,0,1,1,0,2,1,0,1
0,10,2,0,1546,1,4,3,1,0,2,0,31,0,1,1,2,2,0,0,1
0,24,2,2,929,0,7,4,1,0,2,2,31,1,1,1,1,1,1,0,1
0,4,0,0,1455,1,7,2,1,0,1,0,42,0,1,3,2,2,1,0,1
1,15,2,2,1845,1,1,4,0,2,1,1,46,0,2,1,1,1,1,0,3
2,48,4,0,8358,3,1,1,0,0,1,2,30,0,1,2,1,1,1,0,3
1,24,3,2,3349,3,1,4,1,0,4,3,30,0,0,1,1,2,1,1,1
0,12,2,0,2859,0,0,4,1,0,4,3,38,0,1,1,0,1,1,0,1
0,18,2,2,1533,1,1,4,1,1,1,1,43,0,1,1,2,2,1,1,2
0,24,2,3,3621,2,8,2,1,0,4,2,31,0,1,2,1,1,1,1,1
2,18,0,9,3590,1,0,3,1,0,3,2,40,0,1,3,3,2,1,0,2
1,36,1,9,2145,1,7,2,1,0,1,2,24,0,1,2,1,1,1,1,1
2,24,2,1,4113,3,1,3,0,0,4,2,28,0,2,1,1,1,1,1,3
0,36,2,2,10974,1,0,4,0,0,2,2,26,0,1,2,0,1,1,1,3
1,12,2,0,1893,1,4,4,0,2,4,1,29,0,1,1,1,1,1,0,3
1,24,0,3,1231,4,8,4,0,0,4,1,57,0,2,2,0,1,1,0,3
3,30,0,3,3656,0,8,4,1,0,4,1,49,1,1,2,2,1,1,0,1
2,9,0,3,1154,1,8,2,1,0,4,0,37,0,1,3,2,1,1,0,1
1,28,2,0,4006,1,4,3,1,0,2,2,45,0,1,1,2,1,1,1,1
2,24,2,2,3069,2,8,4,1,0,4,3,30,0,0,1,1,1,1,0,1
0,6,0,3,1740,1,8,2,1,0,2,0,30,0,2,2,1,1,1,0,2
2,21,1,0,2353,1,4,1,1,0,4,1,47,0,1,2,1,1,1,0,4
0,15,2,0,3556,0,4,3,1,0,2,3,29,0,1,1,1,1,1,0,1
0,24,2,3,2397,3,8,3,1,0,2,2,35,2,1,2,1,1,1,1,1
2,6,2,5,454,1,1,3,1,0,1,1,22,0,1,1,2,1,1,0,2
2,30,2,3,1715,0,4,4,0,0,1,2,26,0,1,1,1,1,1,0,3
2,27,0,3,2520,3,4,4,1,0,2,1,23,0,1,2,2,1,1,1,1
0,15,2,3,3568,1,8,4,0,0,2,2,54,2,2,1,0,1,1,0,3
0,42,2,3,7166,0,7,2,1,0,4,1,29,0,2,1,1,1,1,0,2
1,11,0,0,3939,1,4,1,1,0,2,0,40,0,1,2,2,2,1,0,1
2,15,2,5,1514,2,4,4,1,2,2,0,22,0,1,1,1,1,1,0,1
0,24,2,0,7393,1,4,1,1,0,4,1,43,0,1,1,2,2,1,0,1
1,24,3,0,1193,1,0,1,0,1,4,3,29,0,2,2,3,1,1,1,3
1,60,2,9,7297,1,8,4,1,1,4,3,36,0,2,1,1,1,1,1,1
0,30,0,3,2831,1,4,4,0,0,2,2,33,0,1,1,1,1,1,0,3
3,24,2,3,1258,3,4,3,0,0,3,2,57,0,1,1,2,1,1,0,3
2,6,2,3,753,1,4,2,0,2,3,0,64,0,1,1,1,1,1,0,3
2,18,1,9,2427,0,8,4,1,0,2,1,42,0,1,2,1,1,1,0,1
0,24,1,0,2538,1,8,4,1,0,4,2,47,0,1,2,2,2,1,1,1
2,15,3,0,1264,2,4,2,1,0,2,1,25,0,2,1,1,1,1,1,2
2,30,0,2,8386,1,7,2,1,0,2,1,49,0,1,1,1,1,1,1,1
0,48,2,9,4844,1,0,3,1,0,2,2,33,2,2,1,0,1,1,1,1
3,21,2,0,2923,2,4,1,0,0,1,2,28,2,1,1,0,1,1,0,3
1,36,2,1,8229,1,4,2,1,0,2,1,26,0,1,1,1,2,1,1,1
0,24,0,2,2028,1,7,2,1,0,2,1,30,0,1,2,2,1,1,0,1
1,15,0,2,1433,1,4,4,0,0,3,1,25,0,2,2,1,1,1,0,3
3,42,4,9,6289,1,1,2,1,0,1,1,33,0,1,2,1,1,1,0,4
0,13,2,3,1409,2,0,2,0,0,4,0,64,0,1,1,1,1,1,0,3
1,24,2,1,6579,1,0,4,1,0,2,3,29,0,0,1,0,1,1,0,1
2,24,0,3,1743,1,8,4,1,0,2,1,48,0,1,2,2,1,1,0,1
0,12,0,6,3565,0,1,2,1,0,1,1,37,0,1,2,2,2,1,0,1
0,15,3,3,1569,2,8,4,1,0,4,2,34,2,1,1,2,2,1,0,1
1,18,2,3,1936,0,7,2,1,0,4,2,23,0,2,2,2,1,1,0,2
1,36,2,2,3959,1,0,4,1,0,3,1,30,0,1,1,0,1,1,0,1
0,12,2,0,2390,0,8,4,1,0,3,2,50,0,1,1,1,1,1,0,1
0,12,2,2,1736,1,7,3,0,0,4,0,31,0,1,1,2,1,1,0,3
1,30,2,1,3857,1,4,4,1,0,4,1,40,0,1,1,0,1,1,0,4
0,12,2,3,804,1,8,4,1,0,4,2,38,0,1,1,1,1,1,0,1
1,45,2,3,1845,1,4,4,1,0,4,3,23,0,0,1,1,1,1,1,1
2,45,0,1,4576,2,0,3,1,0,4,2,27,0,1,1,1,1,1,0,1
